game_num,Site,Date,White,Black,Result,ECO,ECOUrl,UTCDate,UTCTime,WhiteElo,BlackElo,My ELO,Opponent Elo,TimeControl,Termination,StartTime,EndDate,EndTime,Full Opening Name,Main Opening Name,Variation Opening Name,Win-Loss-Draw,Total Moves,White Accuracy,Black Accuracay,Black Total Blunders,Black Total Mistakes,White Total Blundres,White Total Mistakes,Black First Blunder,Black First Mistake,White First Blunder,White First Mistake
1,Chess.com,2025.03.21,XDRIK2,FreakWhenSee,1-0,B06,https://www.chess.com/openings/Modern-Defense-Three-Pawns-Attack-3...d6-4.Nf3,2025.03.21,3:01:52,1554,1523,1523,1554,600,XDRIK2 won on time,3:01:52,2025.03.21,3:18:53,Modern Defense: Three Pawns Attack,Modern Defense,Three Pawns Attack,Loss,43,71.96,79.3,6,5,5,10,7,8,9,5
2,Chess.com,2025.03.23,FreakWhenSee,prxj,0-1,C25,https://www.chess.com/openings/Vienna-Game-Max-Lange-Vienna-Gambit,2025.03.23,15:01:48,1500,1542,1500,1542,600,prxj won on time,15:01:48,2025.03.23,15:17:18,"Vienna Game: Max Lange, Vienna Gambit",Vienna Game,"Max Lange, Vienna Gambit",Loss,31,84.07,76.88,3,2,4,1,5,10,23,10
3,Chess.com,2025.03.23,FreakWhenSee,saul-goodman1664,0-1,B01,https://www.chess.com/openings/Scandinavian-Defense-Closed-2...dxe4-3.Nxe4,2025.03.23,15:18:16,1478,1522,1478,1522,600,saul-goodman1664 won by resignation,15:18:16,2025.03.23,15:20:49,Scandinavian Defense: Closed,Scandinavian Defense,Closed,Loss,11,87.13,59.56,0,0,1,2,0,0,4,2
4,Chess.com,2025.03.23,FreakWhenSee,Aleksandar-Kocani,1-0,B15,https://www.chess.com/openings/Caro-Kann-Defense-2.d4-d5-3.Nc3,2025.03.23,15:21:15,1500,1483,1500,1483,600,FreakWhenSee won by checkmate,15:21:15,2025.03.23,15:27:44,Caro-Kann Defense,Caro-Kann Defense,Main Line,Win,25,75.23,79.72,5,1,1,4,11,21,13,2
5,Chess.com,2025.03.23,CeyhunZeynalob,FreakWhenSee,0-1,B07,https://www.chess.com/openings/Pirc-Defense-Modern-Defense-Geller-System-2...g6,2025.03.23,15:29:23,1463,1518,1518,1463,600,FreakWhenSee won by resignation,15:29:23,2025.03.23,15:42:14,"Pirc Defense: Modern Defense, Geller System",Pirc Defense,"Modern Defense, Geller System",Win,36,87.78,79.4,1,2,2,2,12,20,14,10
6,Chess.com,2025.03.23,Oscar-De-La-Rosa,FreakWhenSee,1-0,E60,https://www.chess.com/openings/Kings-Indian-Defense-Fianchetto-Yugoslav-Panno-System-6...Nc6,2025.03.23,15:43:22,1527,1499,1499,1527,600,Oscar-De-La-Rosa won by resignation,15:43:22,2025.03.23,15:55:39,"King's Indian Defense: Fianchetto, Yugoslav, Panno System",King's Indian Defense,"Fianchetto, Yugoslav, Panno System",Loss,23,100,80.28,0,3,0,0,0,10,0,0
7,Chess.com,2025.03.24,FreakWhenSee,drclimaxxx,1-0,B01,https://www.chess.com/openings/Scandinavian-Defense-Closed-2...d4-3.Nce2-e5,2025.03.24,2:14:57,1517,1488,1517,1488,600,FreakWhenSee won by checkmate,2:14:57,2025.03.24,2:27:06,Scandinavian Defense: Closed,Scandinavian Defense,Closed,Win,25,73.69,76.82,5,2,3,1,15,11,16,11
8,Chess.com,2025.03.24,FreakWhenSee,pogosb,1/2-1/2,B00,https://www.chess.com/openings/Kings-Pawn-Opening-St-George-Defense,2025.03.24,2:27:40,1520,1586,1520,1586,600,Game drawn by stalemate,2:27:40,2025.03.24,2:45:55,King's Pawn Opening: St. George Defense,King's Pawn Opening,St. George Defense,Draw,56,73.99,85.88,1,3,2,4,37,15,20,10
9,Chess.com,2025.03.24,gugar,FreakWhenSee,0-1,A41,https://www.chess.com/openings/Queens-Pawn-Opening-Rossolimo-Variation,2025.03.24,2:46:46,1534,1537,1537,1534,600,FreakWhenSee won by resignation,2:46:46,2025.03.24,2:53:53,Queen's Pawn Opening: Rossolimo Variation,Queen's Pawn Opening,Rossolimo Variation,Win,31,76.85,74.69,1,3,1,6,10,17,11,10
10,Chess.com,2025.03.24,FreakWhenSee,superptitpat,1-0,B01,https://www.chess.com/openings/Scandinavian-Defense-Closed-2...d4-3.Nce2-e5,2025.03.24,2:54:55,1552,1525,1552,1525,600,FreakWhenSee won by resignation,2:54:55,2025.03.24,2:58:17,Scandinavian Defense: Closed,Scandinavian Defense,Closed,Win,13,61.92,68.31,1,2,0,3,12,5,0,2
11,Chess.com,2025.03.24,FreakWhenSee,srilim,0-1,B23,https://www.chess.com/openings/Closed-Sicilian-Defense-Grand-Prix-Attack-3...d6-4.Nf3-Nf6,2025.03.24,2:59:07,1538,1572,1538,1572,600,srilim won by resignation,2:59:07,2025.03.24,3:12:05,Closed Sicilian Defense: Grand Prix Attack,Closed Sicilian Defense,Grand Prix Attack,Loss,25,72.37,85.84,0,4,1,4,0,11,14,10
12,Chess.com,2025.03.24,tuljin2511,FreakWhenSee,0-1,A05,https://www.chess.com/openings/Reti-Opening-Kings-Indian-Attack-Symmetrical-Defense...4.O-O-O-O-5.d3-d6-6.c4,2025.03.24,3:12:34,1520,1552,1552,1520,600,FreakWhenSee won - game abandoned,3:12:34,2025.03.24,3:30:35,"Reti Opening: King's Indian Attack, Symmetrical Defense",Reti Opening,"King's Indian Attack, Symmetrical Defense",Win,35,70.14,74.9,2,2,2,3,13,10,14,11
13,Chess.com,2025.03.25,izeto,FreakWhenSee,1-0,B08,https://www.chess.com/openings/Pirc-Defense-Classical-Schlechter-Variation-5...O-O,2025.03.25,0:42:13,1564,1538,1538,1564,600,izeto won on time,0:42:13,2025.03.25,0:57:35,"Pirc Defense: Classical, Schlechter Variation",Pirc Defense,"Classical, Schlechter Variation",Loss,38,84.2,67.5,1,7,2,6,36,10,9,13
14,Chess.com,2025.03.25,FreakWhenSee,jtincho,1-0,C25,https://www.chess.com/openings/Vienna-Game-Max-Lange-Vienna-Gambit,2025.03.25,0:58:47,1551,1518,1551,1518,600,FreakWhenSee won by resignation,0:58:47,2025.03.25,1:17:34,"Vienna Game: Max Lange, Vienna Gambit",Vienna Game,"Max Lange, Vienna Gambit",Win,31,83.21,90.66,4,4,1,6,8,5,30,8
15,Chess.com,2025.03.25,Fuechse,FreakWhenSee,1-0,E70,https://www.chess.com/openings/Kings-Indian-Defense-Normal-Variation-4.e4-O-O-5.Bd3-d6,2025.03.25,1:18:47,1544,1538,1538,1544,600,Fuechse won by resignation,1:18:47,2025.03.25,1:25:11,King's Indian Defense: Normal Variation,King's Indian Defense,Normal Variation,Loss,19,62.51,70.43,1,3,0,4,18,3,0,3
16,Chess.com,2025.03.25,FreakWhenSee,bascopic3000plus,1-0,B01,https://www.chess.com/openings/Scandinavian-Defense-Closed-2...d4-3.Nce2-c5,2025.03.25,1:26:10,1550,1527,1550,1527,600,FreakWhenSee won by resignation,1:26:10,2025.03.25,1:41:47,Scandinavian Defense: Closed,Scandinavian Defense,Closed,Win,52,100,58.7,4,10,4,7,13,4,13,11
17,Chess.com,2025.03.25,FreakWhenSee,MARCOSMACHIN,0-1,B01,https://www.chess.com/openings/Scandinavian-Defense-Closed-2...d4-3.Nce2-e5,2025.03.25,1:56:15,1537,1535,1537,1535,600,MARCOSMACHIN won by resignation,1:56:15,2025.03.25,2:02:02,Scandinavian Defense: Closed,Scandinavian Defense,Closed,Loss,9,76.3,65.61,0,2,2,1,0,6,8,2
18,Chess.com,2025.03.25,LuceroAQP,FreakWhenSee,1-0,B07,https://www.chess.com/openings/Pirc-Defense,2025.03.25,2:03:09,1548,1526,1526,1548,600,LuceroAQP won by resignation,2:03:09,2025.03.25,2:16:42,Pirc Defense,Pirc Defense,Main Line,Loss,36,81.59,71.8,4,9,6,3,20,13,17,16
19,Chess.com,2025.03.25,SabitNati,FreakWhenSee,1-0,B07,https://www.chess.com/openings/Pirc-Defense-Modern-Defense-Geller-System-2...Nf6,2025.03.25,2:17:37,1525,1515,1515,1525,600,SabitNati won by checkmate,2:17:37,2025.03.25,2:20:29,"Pirc Defense: Modern Defense, Geller System",Pirc Defense,"Modern Defense, Geller System",Loss,20,74.29,80.61,1,2,0,2,18,13,0,3
20,Chess.com,2025.03.25,FreakWhenSee,YRLragab,1/2-1/2,C00,https://www.chess.com/openings/French-Defense-Queens-Knight-Variation,2025.03.25,2:21:14,1517,1591,1517,1591,600,Game drawn by repetition,2:21:14,2025.03.25,2:32:52,French Defense: Queen's Knight Variation,French Defense,Queen's Knight Variation,Draw,34,80.55,88.49,2,4,2,3,20,10,33,19
21,Chess.com,2025.03.25,teleekkk,FreakWhenSee,1-0,A41,https://www.chess.com/openings/Queens-Pawn-Opening-1...d6,2025.03.25,2:34:08,1516,1506,1506,1516,600,teleekkk won by resignation,2:34:08,2025.03.25,2:37:48,Queen's Pawn Opening,Queen's Pawn Opening,Main Line,Loss,18,82.2,98.21,0,1,0,0,0,16,0,0
22,Chess.com,2025.03.25,FreakWhenSee,Ambassador444,1-0,C33,https://www.chess.com/openings/Kings-Gambit-Accepted-Bishops-Gambit-Cozio-Bogoljubov-Variation-4...Bb4,2025.03.25,2:42:49,1515,1472,1515,1472,600,FreakWhenSee won by checkmate,2:42:49,2025.03.25,2:51:34,"King's Gambit Accepted: Bishop's Gambit, Cozio, Bogoljubov Variation",King's Gambit Accepted,"Bishop's Gambit, Cozio, Bogoljubov Variation",Win,30,67.4,93.25,3,4,2,2,14,6,14,22
23,Chess.com,2025.03.25,David_Ghadimi,FreakWhenSee,1-0,B07,https://www.chess.com/openings/Pirc-Defense-Semi-Classical-Variation-4...Bg7,2025.03.25,2:52:58,1522,1505,1505,1522,600,David_Ghadimi won by resignation,2:52:58,2025.03.25,3:06:28,Pirc Defense: Semi-Classical Variation,Pirc Defense,Semi-Classical Variation,Loss,50,71.86,69.56,3,3,2,1,25,10,15,45
24,Chess.com,2025.03.25,FreakWhenSee,song_chess,1-0,C25,https://www.chess.com/openings/Vienna-Game-Anderssen-Defense-3.Bc4-Nf6,2025.03.25,3:07:19,1514,1475,1514,1475,600,FreakWhenSee won - game abandoned,3:07:19,2025.03.25,3:11:27,Vienna Game: Anderssen Defense,Vienna Game,Anderssen Defense,Win,13,76.81,74.2,2,3,0,2,9,4,0,8
25,Chess.com,2025.03.25,500me,FreakWhenSee,1-0,A02,https://www.chess.com/openings/Birds-Opening-1...d6-2.Nf3,2025.03.25,3:12:32,1521,1505,1505,1521,600,500me won by resignation,3:12:32,2025.03.25,3:18:37,Bird's Opening,Bird's Opening,Main Line,Loss,28,58.18,66.05,2,6,2,2,25,14,25,19
26,Chess.com,2025.03.26,FreakWhenSee,orangeprime,0-1,B18,https://www.chess.com/openings/Caro-Kann-Defense-Classical-Variation-5.Ng3-Bg6-6.Nf3-Nf6,2025.03.26,1:10:05,1496,1513,1496,1513,600,orangeprime won by resignation,1:10:05,2025.03.26,1:18:18,Caro-Kann Defense: Classical Variation,Caro-Kann Defense,Classical Variation,Loss,27,83.66,90.13,0,3,1,6,0,10,26,16
27,Chess.com,2025.03.26,WRPLAYER,FreakWhenSee,0-1,E64,https://www.chess.com/openings/Kings-Indian-Defense-Fianchetto-Yugoslav-Panno-System-6...Nbd7-7.b3-e5,2025.03.26,2:42:12,1466,1504,1504,1466,600,FreakWhenSee won by resignation,2:42:12,2025.03.26,2:58:56,"King's Indian Defense: Fianchetto, Yugoslav, Panno System",King's Indian Defense,"Fianchetto, Yugoslav, Panno System",Win,38,78.98,77.26,0,6,0,9,0,14,0,10
28,Chess.com,2025.03.26,kudlachess,FreakWhenSee,1-0,B07,https://www.chess.com/openings/Pirc-Defense,2025.03.26,2:59:49,1523,1495,1495,1523,600,kudlachess won by checkmate,2:59:49,2025.03.26,3:06:42,Pirc Defense,Pirc Defense,Main Line,Loss,28,85.53,83.83,2,5,1,2,19,17,22,20
29,Chess.com,2025.03.26,FreakWhenSee,primezipper,1-0,C10,https://www.chess.com/openings/French-Defense-Normal-Variation-2...d5-3.Nc3,2025.03.26,3:07:29,1504,1509,1504,1509,600,FreakWhenSee won by resignation,3:07:29,2025.03.26,3:19:30,French Defense: Normal Variation,French Defense,Normal Variation,Win,24,74.07,56.97,2,5,0,6,7,10,0,5
30,Chess.com,2025.03.27,FreakWhenSee,agihi3667,1-0,C30,https://www.chess.com/openings/Kings-Gambit-Declined-Classical-Variation-3.Nf3-d6-4.Nc3-Nc6-5.Bb5,2025.03.27,0:31:20,1513,1502,1513,1502,600,FreakWhenSee won by resignation,0:31:20,2025.03.27,0:44:28,King's Gambit Declined: Classical Variation,King's Gambit Declined,Classical Variation,Win,23,88.16,75.85,2,1,1,2,19,5,19,6
31,Chess.com,2025.03.27,boris_luba_222,FreakWhenSee,0-1,B08,https://www.chess.com/openings/Pirc-Defense-Classical-Schlechter-Variation-5...O-O,2025.03.27,0:45:37,1470,1520,1520,1470,600,FreakWhenSee won on time,0:45:37,2025.03.27,1:05:35,"Pirc Defense: Classical, Schlechter Variation",Pirc Defense,"Classical, Schlechter Variation",Win,44,79.78,87.13,2,5,1,2,34,16,35,27
32,Chess.com,2025.03.27,AbdulHalim05,FreakWhenSee,0-1,B08,https://www.chess.com/openings/Pirc-Defense-Classical-Variation-4...Bg7,2025.03.27,1:07:05,1525,1528,1528,1525,600,FreakWhenSee won by resignation,1:07:05,2025.03.27,1:13:01,Pirc Defense: Classical Variation,Pirc Defense,Classical Variation,Win,23,73.21,66.06,1,1,1,4,18,19,21,10
33,Chess.com,2025.03.27,FreakWhenSee,checkmatingj,0-1,C15,https://www.chess.com/openings/French-Defense-Winawer-Variation,2025.03.27,1:37:42,1520,1538,1520,1538,600,checkmatingj won by resignation,1:37:42,2025.03.27,1:52:58,French Defense: Winawer Variation,French Defense,Winawer Variation,Loss,69,68.15,70.17,7,4,7,7,16,5,16,4
34,Chess.com,2025.03.27,FreakWhenSee,GeniusTunisie,0-1,C11,https://www.chess.com/openings/French-Defense-Classical-Delayed-Exchange-Variation,2025.03.27,2:16:52,1512,1530,1512,1530,600,GeniusTunisie won by resignation,2:16:52,2025.03.27,2:23:20,"French Defense: Classical, Delayed Exchange Variation",French Defense,"Classical, Delayed Exchange Variation",Loss,29,71.5,78.42,0,0,0,3,0,0,0,19
35,Chess.com,2025.03.27,Jamesireland56,FreakWhenSee,0-1,B07,https://www.chess.com/openings/Pirc-Defense,2025.03.27,2:24:26,1481,1519,1519,1481,600,FreakWhenSee won by resignation,2:24:26,2025.03.27,2:30:36,Pirc Defense,Pirc Defense,Main Line,Win,27,61.18,75.86,1,2,2,5,16,10,17,10
36,Chess.com,2025.03.27,biatu,FreakWhenSee,0-1,B06,https://www.chess.com/openings/Modern-Defense-with-1-e4...3.Nf3-d6-4.Bc4-Nf6-5.Nc3,2025.03.27,2:31:30,1527,1527,1527,1527,600,FreakWhenSee won by resignation,2:31:30,2025.03.27,2:46:57,Modern Defense with 1.e4,Modern Defense with 1.e4,Main Line,Win,49,80.42,89.01,3,4,3,6,13,12,17,13
37,Chess.com,2025.03.28,FreakWhenSee,STAPHON,0-1,C25,https://www.chess.com/openings/Vienna-Game-Max-Lange-Defense,2025.03.28,15:18:03,1519,1549,1519,1549,600,STAPHON won by resignation,15:18:03,2025.03.28,15:27:11,Vienna Game: Max Lange Defense,Vienna Game,Max Lange Defense,Loss,37,65.75,72.68,0,5,4,3,0,19,19,20
38,Chess.com,2025.03.28,Hendra1801,FreakWhenSee,1-0,B07,https://www.chess.com/openings/Pirc-Defense-Harmonist-Variation-2...Nf6,2025.03.28,15:27:39,1531,1511,1511,1531,600,Hendra1801 won by resignation,15:27:39,2025.03.28,15:32:41,Pirc Defense: Harmonist Variation,Pirc Defense,Harmonist Variation,Loss,20,62.79,77.43,2,3,1,2,13,14,13,15
39,Chess.com,2025.03.28,FreakWhenSee,Aar0kzz,0-1,B11,https://www.chess.com/openings/Caro-Kann-Defense-Two-Knights-Mindeno-Exchange-Line-5.Qxf3-e6-6.d4-Nf6,2025.03.28,15:34:05,1503,1498,1503,1498,600,Aar0kzz won by resignation,15:34:05,2025.03.28,15:38:01,"Caro-Kann Defense: Two Knights, Mindeno, Exchange Line",Caro-Kann Defense,"Two Knights, Mindeno, Exchange Line",Loss,20,83.13,75.27,0,2,1,1,0,13,16,19
40,Chess.com,2025.03.28,FreakWhenSee,Oscarjara77,1-0,C25,https://www.chess.com/openings/Vienna-Game,2025.03.28,15:38:46,1511,1477,1511,1477,600,FreakWhenSee won by resignation,15:38:46,2025.03.28,15:47:21,Vienna Game,Vienna Game,Main Line,Win,24,76.03,70.05,1,4,0,2,19,13,0,14
41,Chess.com,2025.03.28,Amit-gajjar25,FreakWhenSee,1-0,B08,https://www.chess.com/openings/Pirc-Defense-Classical-Variation-4...Bg7-5.Bc4-O-O,2025.03.28,15:50:39,1504,1503,1503,1504,600,Amit-gajjar25 won by checkmate,15:50:39,2025.03.28,15:58:35,Pirc Defense: Classical Variation,Pirc Defense,Classical Variation,Loss,28,77.43,64.55,6,1,3,5,17,14,21,11
42,Chess.com,2025.03.28,FreakWhenSee,Madmark1963,1/2-1/2,C25,https://www.chess.com/openings/Vienna-Game-Max-Lange-Vienna-Gambit,2025.03.28,15:59:21,1503,1483,1503,1483,600,Game drawn by repetition,15:59:21,2025.03.28,16:06:56,"Vienna Game: Max Lange, Vienna Gambit",Vienna Game,"Max Lange, Vienna Gambit",Draw,29,82.16,66.04,0,2,1,2,0,6,25,9
43,Chess.com,2025.03.28,DSS1879,FreakWhenSee,1/2-1/2,B08,https://www.chess.com/openings/Pirc-Defense-Classical-Variation...5.Bc4-O-O-6.O-O-Nxe4,2025.03.28,16:08:13,1520,1503,1503,1520,600,Game drawn by insufficient material,16:08:13,2025.03.28,16:20:37,Pirc Defense: Classical Variation,Pirc Defense,Classical Variation,Draw,56,76.88,83.63,3,7,4,5,11,10,11,22
44,Chess.com,2025.03.28,Littledeli14,FreakWhenSee,0-1,B08,https://www.chess.com/openings/Pirc-Defense-Classical-Quiet-System-5...O-O,2025.03.28,16:21:15,1504,1511,1511,1504,600,FreakWhenSee won by resignation,16:21:15,2025.03.28,16:31:49,"Pirc Defense: Classical, Quiet System",Pirc Defense,"Classical, Quiet System",Win,49,67.41,76.02,3,7,4,6,39,20,38,20
45,Chess.com,2025.03.28,FreakWhenSee,nobby709,0-1,B00,https://www.chess.com/openings/Owens-Defense-2.Nc3-Bb7,2025.03.28,20:30:53,1502,1496,1502,1496,600,nobby709 won by resignation,20:30:53,2025.03.28,20:34:36,Owen's Defense,Owen's Defense,Main Line,Loss,16,70.2,61.78,0,4,1,3,0,7,15,6
46,Chess.com,2025.03.28,FreakWhenSee,adonisjp,1-0,C28,https://www.chess.com/openings/Vienna-Game-Falkbeer-Vienna-Gambit-3...d6-4.Nf3,2025.03.28,20:35:09,1510,1505,1510,1505,600,FreakWhenSee won by resignation,20:35:09,2025.03.28,20:49:54,"Vienna Game: Falkbeer, Vienna Gambit",Vienna Game,"Falkbeer, Vienna Gambit",Win,55,76.76,57.42,5,5,4,6,14,9,23,10
47,Chess.com,2025.03.28,buada4,FreakWhenSee,1-0,B07,https://www.chess.com/openings/Pirc-Defense-Modern-Defense-Geller-System-2...Nf6,2025.03.28,21:12:04,1511,1502,1502,1511,600,buada4 won by resignation,21:12:04,2025.03.28,21:28:12,"Pirc Defense: Modern Defense, Geller System",Pirc Defense,"Modern Defense, Geller System",Loss,65,87.05,81.67,4,3,2,7,12,10,11,9
48,Chess.com,2025.03.29,juanmiperez,FreakWhenSee,0-1,B07,https://www.chess.com/openings/Pirc-Defense-Modern-Defense-Geller-System-2...Nf6,2025.03.29,15:53:09,1518,1511,1511,1518,600,FreakWhenSee won by resignation,15:53:09,2025.03.29,15:56:01,"Pirc Defense: Modern Defense, Geller System",Pirc Defense,"Modern Defense, Geller System",Win,11,78.56,60.51,0,0,1,1,0,0,11,9
49,Chess.com,2025.03.29,FreakWhenSee,profy-x,0-1,C25,https://www.chess.com/openings/Vienna-Game-Anderssen-Defense-3.f4,2025.03.29,15:56:55,1503,1499,1503,1499,600,profy-x won by resignation,15:56:55,2025.03.29,15:58:01,Vienna Game: Anderssen Defense,Vienna Game,Anderssen Defense,Loss,8,89.72,81.94,0,0,0,2,0,0,0,5
50,Chess.com,2025.03.29,giannisbalabanidis,FreakWhenSee,0-1,B07,https://www.chess.com/openings/Pirc-Defense-Modern-Defense-Geller-System-2...Nf6,2025.03.29,15:58:20,1507,1511,1511,1507,600,FreakWhenSee won by resignation,15:58:20,2025.03.29,16:11:12,"Pirc Defense: Modern Defense, Geller System",Pirc Defense,"Modern Defense, Geller System",Win,59,88.88,80.5,0,7,2,8,0,8,47,3
51,Chess.com,2025.03.30,FreakWhenSee,Fanatoly,0-1,B23,https://www.chess.com/openings/Closed-Sicilian-Defense-Grand-Prix-Attack-3...e6,2025.03.30,3:18:29,1502,1494,1502,1494,600,Fanatoly won by checkmate,3:18:29,2025.03.30,3:34:51,Closed Sicilian Defense: Grand Prix Attack,Closed Sicilian Defense,Grand Prix Attack,Loss,44,82.09,70.35,0,4,1,4,0,6,44,6
52,Chess.com,2025.03.30,littlestinker77,FreakWhenSee,1-0,A00,https://www.chess.com/openings/Van-t-Kruijs-Opening,2025.03.30,3:35:30,1532,1495,1495,1532,600,littlestinker77 won by checkmate,3:35:30,2025.03.30,3:43:35,Van 't Kruijs Opening,Van 't Kruijs Opening,Main Line,Loss,25,56.44,51.31,1,2,0,3,24,13,0,13
53,Chess.com,2025.03.30,FreakWhenSee,Hameedalzaide,1-0,B23,https://www.chess.com/openings/Closed-Sicilian-Defense-Grand-Prix-Attack-3...e6-4.Nf3-d5-5.Bb5,2025.03.30,3:44:24,1501,1390,1501,1390,600,FreakWhenSee won by resignation,3:44:24,2025.03.30,3:55:34,Closed Sicilian Defense: Grand Prix Attack,Closed Sicilian Defense,Grand Prix Attack,Win,39,62.04,73.43,1,8,2,1,7,15,7,6
54,Chess.com,2025.03.30,FreakWhenSee,Allansky,1-0,C25,https://www.chess.com/openings/Vienna-Game-Max-Lange-Defense-3.Bc4-Bc5,2025.03.30,16:07:20,1509,1477,1509,1477,600,FreakWhenSee won by checkmate,16:07:20,2025.03.30,16:09:02,Vienna Game: Max Lange Defense,Vienna Game,Max Lange Defense,Win,6,81.31,75.01,1,0,0,0,5,0,0,0
55,Chess.com,2025.03.30,FreakWhenSee,1mazigh,0-1,C28,https://www.chess.com/openings/Vienna-Game-Falkbeer-Vienna-Gambit,2025.03.30,16:09:30,1501,1530,1501,1530,600,1mazigh won by resignation,16:09:30,2025.03.30,16:14:46,"Vienna Game: Falkbeer, Vienna Gambit",Vienna Game,"Falkbeer, Vienna Gambit",Loss,14,76.34,67.68,1,2,0,6,7,10,0,4
56,Chess.com,2025.03.30,lazioMiso,FreakWhenSee,0-1,B06,https://www.chess.com/openings/Modern-Defense-Standard-Two-Knights-Suttles-Variation-5.Be3-Nf6,2025.03.30,16:15:19,1483,1509,1509,1483,600,FreakWhenSee won by resignation,16:15:19,2025.03.30,16:25:32,"Modern Defense: Standard, Two Knights, Suttles Variation",Modern Defense,"Standard, Two Knights, Suttles Variation",Win,49,71.62,65.29,1,2,2,5,45,23,40,6
57,Chess.com,2025.03.30,MiddleCut,FreakWhenSee,1-0,B07,https://www.chess.com/openings/Pirc-Defense-Main-Line-4.Bf4-c6,2025.03.30,23:43:36,1499,1501,1501,1499,600,MiddleCut won by checkmate,23:43:36,2025.03.30,23:48:37,Pirc Defense: Main Line,Pirc Defense,Main Line,Loss,18,69.69,67.5,2,0,0,2,16,0,0,6
58,Chess.com,2025.03.30,saireddythfc,FreakWhenSee,0-1,B08,https://www.chess.com/openings/Pirc-Defense-Classical-Variation-4...Bg7,2025.03.30,23:48:58,1483,1509,1509,1483,600,FreakWhenSee won by resignation,23:48:58,2025.03.30,23:58:32,Pirc Defense: Classical Variation,Pirc Defense,Classical Variation,Win,53,69.59,77.51,8,4,9,7,20,13,27,15
59,Chess.com,2025.03.30,FreakWhenSee,skinnypepe1,0-1,B11,https://www.chess.com/openings/Caro-Kann-Defense-Two-Knights-Mindeno-Exchange-Line-5.Qxf3-e6-6.d4-Nf6,2025.03.30,23:59:15,1501,1532,1501,1532,600,skinnypepe1 won by resignation,23:59:15,2025.03.31,0:02:37,"Caro-Kann Defense: Two Knights, Mindeno, Exchange Line",Caro-Kann Defense,"Two Knights, Mindeno, Exchange Line",Loss,16,73.86,77.46,1,1,0,5,15,14,0,11
60,Chess.com,2025.03.31,FreakWhenSee,madrid2013,0-1,B07,https://www.chess.com/openings/Pirc-Defense-Antal-Defense-3.Nc3,2025.03.31,0:02:59,1494,1533,1494,1533,600,madrid2013 won by resignation,0:02:59,2025.03.31,0:15:27,Pirc Defense: Antal Defense,Pirc Defense,Antal Defense,Loss,52,85.96,64.1,2,7,3,12,22,8,38,8
61,Chess.com,2025.03.31,FreakWhenSee,Austin515,1-0,C25,https://www.chess.com/openings/Vienna-Game-Max-Lange-Defense-3.Bc4-Bc5,2025.03.31,0:16:13,1502,1500,1502,1500,600,FreakWhenSee won by resignation,0:16:13,2025.03.31,0:27:16,Vienna Game: Max Lange Defense,Vienna Game,Max Lange Defense,Win,45,73.08,82.43,3,3,1,8,7,27,21,7
62,Chess.com,2025.03.31,remydubreuil,FreakWhenSee,0-1,B07,https://www.chess.com/openings/Pirc-Defense-Modern-Defense-Geller-System-2...Nf6,2025.03.31,0:29:02,1471,1509,1509,1471,600,FreakWhenSee won by resignation,0:29:02,2025.03.31,0:39:14,"Pirc Defense: Modern Defense, Geller System",Pirc Defense,"Modern Defense, Geller System",Win,35,84.74,84.2,1,2,0,10,35,27,0,11
63,Chess.com,2025.03.31,lcha0716,FreakWhenSee,0-1,B07,https://www.chess.com/openings/Pirc-Defense-2.Bc4-Nf6,2025.03.31,1:56:10,1488,1517,1517,1488,600,FreakWhenSee won by resignation,1:56:10,2025.03.31,2:10:06,Pirc Defense,Pirc Defense,Main Line,Win,47,66.81,54.41,1,5,2,7,21,17,19,16
64,Chess.com,2025.03.31,MAGNUS_CARLSE_NU,FreakWhenSee,1-0,B07,https://www.chess.com/openings/Pirc-Defense-Main-Line-Byrne-Variation-4...Bg7-5.e5-dxe5-6.dxe5,2025.03.31,2:18:27,1536,1509,1509,1536,600,MAGNUS_CARLSE_NU won by resignation,2:18:27,2025.03.31,2:19:28,"Pirc Defense: Main Line, Byrne Variation",Pirc Defense,"Main Line, Byrne Variation",Loss,9,89.2,79.88,1,0,0,0,8,0,0,0
65,Chess.com,2025.03.31,FreakWhenSee,chefbandit514,1-0,B23,https://www.chess.com/openings/Closed-Sicilian-Defense-Grand-Prix-Attack-3...e6-4.Nf3-d5-5.Bb5,2025.03.31,2:19:51,1517,1497,1517,1497,600,FreakWhenSee won by resignation,2:19:51,2025.03.31,2:31:39,Closed Sicilian Defense: Grand Prix Attack,Closed Sicilian Defense,Grand Prix Attack,Win,35,76.68,86.59,0,4,0,5,0,19,0,25
66,Chess.com,2025.04.01,ageofman,FreakWhenSee,0-1,B08,https://www.chess.com/openings/Pirc-Defense-Classical-Quiet-System-5...O-O,2025.04.01,2:31:44,1498,1525,1525,1498,600,FreakWhenSee won by resignation,2:31:44,2025.04.01,2:45:42,"Pirc Defense: Classical, Quiet System",Pirc Defense,"Classical, Quiet System",Win,62,75.7,58.96,17,5,16,12,28,8,28,9
67,Chess.com,2025.04.01,FreakWhenSee,Olleck0,1-0,C25,https://www.chess.com/openings/Vienna-Game-Max-Lange-Defense-3.Bc4-Bc5-4.Qg4-Qf6,2025.04.01,2:50:40,1532,1493,1532,1493,600,FreakWhenSee won by resignation,2:50:40,2025.04.01,2:53:12,Vienna Game: Max Lange Defense,Vienna Game,Max Lange Defense,Win,8,72.64,94.45,1,2,0,1,8,5,0,5
68,Chess.com,2025.04.01,FreakWhenSee,msdwyer89,1-0,B23,https://www.chess.com/openings/Closed-Sicilian-Defense-2...a6-3.f4-b5,2025.04.01,2:53:36,1540,1524,1540,1524,600,FreakWhenSee won by resignation,2:53:36,2025.04.01,2:59:10,Closed Sicilian Defense,Closed Sicilian Defense,Main Line,Win,30,65.3,70.24,1,6,0,5,9,4,0,7
69,Chess.com,2025.04.01,damianvela,FreakWhenSee,0-1,A01,https://www.chess.com/openings/Nimzowitsch-Larsen-Attack-Modern-Variation-2.Bb2-d6-3.e3,2025.04.01,2:59:55,1517,1548,1548,1517,600,FreakWhenSee won by resignation,2:59:55,2025.04.01,3:09:17,Nimzowitsch-Larsen Attack: Modern Variation,Nimzowitsch-Larsen Attack,Modern Variation,Win,25,61.2,70.82,0,2,1,4,0,9,9,12
70,Chess.com,2025.04.02,morrisbart,FreakWhenSee,0-1,A24,https://www.chess.com/openings/English-Opening-Carls-Bremen-Fianchetto-Line...6.d3-O-O-7.O-O-c6,2025.04.02,0:53:37,1549,1556,1556,1549,600,FreakWhenSee won by resignation,0:53:37,2025.04.02,0:59:03,"English Opening: Carls-Bremen, Fianchetto Line",English Opening,"Carls-Bremen, Fianchetto Line",Win,23,73.23,73.68,1,0,2,1,12,0,12,22
71,Chess.com,2025.04.02,FreakWhenSee,wali5dd,1-0,B06,https://www.chess.com/openings/Modern-Defense-Standard-Line-3...d6-4.Be3-Nc6-5.Qd2,2025.04.02,1:01:32,1565,1582,1565,1582,600,FreakWhenSee won by resignation,1:01:32,2025.04.02,1:02:49,Modern Defense: Standard Line,Modern Defense,Standard Line,Win,11,86.45,80.22,1,1,0,0,9,10,0,0
72,Chess.com,2025.04.02,Musz_DeeN,FreakWhenSee,1-0,B08,https://www.chess.com/openings/Pirc-Defense-Classical-Variation-4...Bg7,2025.04.02,1:04:33,1595,1558,1558,1595,600,Musz_DeeN won by resignation,1:04:33,2025.04.02,1:17:53,Pirc Defense: Classical Variation,Pirc Defense,Classical Variation,Loss,39,89.31,75.67,2,2,1,3,25,14,26,13
73,Chess.com,2025.04.04,FreakWhenSee,Aley-01,1-0,C28,https://www.chess.com/openings/Vienna-Game-Falkbeer-Vienna-Gambit,2025.04.04,2:29:51,1566,1553,1566,1553,600,FreakWhenSee won by checkmate,2:29:51,2025.04.04,2:43:41,"Vienna Game: Falkbeer, Vienna Gambit",Vienna Game,"Falkbeer, Vienna Gambit",Win,76,91.92,78.03,3,8,3,6,44,3,39,25
74,Chess.com,2025.04.04,tylerp000,FreakWhenSee,0-1,B07,https://www.chess.com/openings/Pirc-Defense-Main-Line-Kholmov-System-4...Bg7,2025.04.04,2:46:22,1554,1574,1574,1554,600,FreakWhenSee won by resignation,2:46:22,2025.04.04,2:47:59,"Pirc Defense: Main Line, Kholmov System",Pirc Defense,"Main Line, Kholmov System",Win,15,74.63,80.09,0,0,1,0,0,0,8,0
75,Chess.com,2025.04.04,FreakWhenSee,Jimdie,1-0,C30,https://www.chess.com/openings/Kings-Gambit-Declined-Classical-Variation...4.Nc3-Nf6-5.Bc4-Nc6,2025.04.04,2:49:05,1582,1566,1582,1566,600,FreakWhenSee won by resignation,2:49:05,2025.04.04,2:53:34,King's Gambit Declined: Classical Variation,King's Gambit Declined,Classical Variation,Win,18,76.71,81.88,0,5,0,1,0,4,0,4
76,Chess.com,2025.04.04,FreakWhenSee,paulogiraldo1818,0-1,C25,https://www.chess.com/openings/Vienna-Game-2...d6-3.Bc4,2025.04.04,23:58:56,1574,1606,1574,1606,600,paulogiraldo1818 won by resignation,23:58:56,2025.04.05,0:03:39,Vienna Game,Vienna Game,Main Line,Loss,15,71.42,82.16,0,0,0,0,0,0,0,0
77,Chess.com,2025.04.05,zahidrajpoot5,FreakWhenSee,1-0,B08,https://www.chess.com/openings/Pirc-Defense-Classical-Variation-4...Bg7-5.Bg5-O-O,2025.04.05,0:04:56,1595,1566,1566,1595,600,zahidrajpoot5 won by resignation,0:04:56,2025.04.05,0:14:31,Pirc Defense: Classical Variation,Pirc Defense,Classical Variation,Loss,30,80.56,86.63,3,2,1,1,20,18,21,22
78,Chess.com,2025.04.05,FreakWhenSee,bigbrainfriday,1-0,B00,https://www.chess.com/openings/Nimzowitsch-Defense-2.Nc3,2025.04.05,3:42:19,1574,1554,1574,1554,600,FreakWhenSee won by resignation,3:42:19,2025.04.05,3:51:09,Nimzowitsch Defense,Nimzowitsch Defense,Main Line,Win,25,96.57,92.54,1,9,0,6,17,2,0,10
79,Chess.com,2025.04.06,Rmilao1987,FreakWhenSee,0-1,B08,https://www.chess.com/openings/Pirc-Defense-Classical-Variation-4...Bg7-5.Bg5-O-O,2025.04.06,3:36:51,1558,1582,1582,1558,600,FreakWhenSee won by resignation,3:36:51,2025.04.06,3:42:53,Pirc Defense: Classical Variation,Pirc Defense,Classical Variation,Win,29,78.04,87.71,1,4,3,5,14,8,13,16
80,Chess.com,2025.04.06,FreakWhenSee,karirochdi,0-1,C00,https://www.chess.com/openings/French-Defense-Queens-Knight-Variation,2025.04.06,14:13:30,1575,1624,1575,1624,600,karirochdi won by resignation,14:13:30,2025.04.06,14:20:11,French Defense: Queen's Knight Variation,French Defense,Queen's Knight Variation,Loss,24,79.12,71.7,0,0,1,4,0,0,24,15
81,Chess.com,2025.04.06,Chinba123,FreakWhenSee,1-0,B07,https://www.chess.com/openings/Pirc-Defense-Harmonist-Variation-2...Nf6,2025.04.06,14:21:21,1597,1567,1567,1597,600,Chinba123 won by resignation,14:21:21,2025.04.06,14:35:16,Pirc Defense: Harmonist Variation,Pirc Defense,Harmonist Variation,Loss,46,76.13,87.01,5,11,4,6,17,4,8,9
82,Chess.com,2025.04.06,FreakWhenSee,via4ygul8b,0-1,C25,https://www.chess.com/openings/Vienna-Game-2...d6-3.Bc4,2025.04.06,16:05:38,1559,1579,1559,1579,600,via4ygul8b won by resignation,16:05:38,2025.04.06,16:14:44,Vienna Game,Vienna Game,Main Line,Loss,23,77.41,63.98,0,5,0,6,0,8,0,8
83,Chess.com,2025.04.06,FreakWhenSee,Malvavisco,1-0,B23,https://www.chess.com/openings/Closed-Sicilian-Defense-Grand-Prix-Attack-3...d6-4.Nf3-Nf6-5.Bb5,2025.04.06,20:18:49,1567,1559,1567,1559,600,FreakWhenSee won by resignation,20:18:49,2025.04.06,20:35:41,Closed Sicilian Defense: Grand Prix Attack,Closed Sicilian Defense,Grand Prix Attack,Win,52,81.78,72.38,6,8,6,6,23,17,25,12
84,Chess.com,2025.04.07,alexp7979,FreakWhenSee,0-1,B07,https://www.chess.com/openings/Pirc-Defense-Main-Line-Byrne-Variation-4...Bg7-5.e5-dxe5-6.dxe5,2025.04.07,0:54:37,1552,1575,1575,1552,600,FreakWhenSee won by resignation,0:54:37,2025.04.07,1:06:13,"Pirc Defense: Main Line, Byrne Variation",Pirc Defense,"Main Line, Byrne Variation",Win,32,72.5,73.88,1,3,0,6,25,17,0,17
85,Chess.com,2025.04.07,FreakWhenSee,optilab1,0-1,B02,https://www.chess.com/openings/Alekhines-Defense-Scandinavian-Variation-3.exd5-Nxd5-4.Nf3,2025.04.07,3:05:14,1566,1559,1566,1559,600,optilab1 won by resignation,3:05:14,2025.04.07,3:07:49,Alekhine's Defense: Scandinavian Variation,Alekhine's Defense,Scandinavian Variation,Loss,10,76.91,66.43,0,1,1,1,0,6,10,7
86,Chess.com,2025.04.07,DiomedesBrillantes,FreakWhenSee,0-1,B08,https://www.chess.com/openings/Pirc-Defense-Classical-Schlechter-Variation-5...O-O,2025.04.07,3:08:27,1537,1574,1574,1537,600,FreakWhenSee won by resignation,3:08:27,2025.04.07,3:23:38,"Pirc Defense: Classical, Schlechter Variation",Pirc Defense,"Classical, Schlechter Variation",Win,58,77.83,69.87,3,5,5,6,12,8,15,12
87,Chess.com,2025.04.07,LadHarjen,FreakWhenSee,1-0,A41,https://www.chess.com/openings/Queens-Pawn-Opening-1...d6,2025.04.07,3:24:34,1580,1566,1566,1580,600,LadHarjen won by resignation,3:24:34,2025.04.07,3:41:03,Queen's Pawn Opening,Queen's Pawn Opening,Main Line,Loss,44,88.16,80.47,1,8,1,3,40,20,37,7
88,Chess.com,2025.04.08,jformanek,FreakWhenSee,0-1,B07,https://www.chess.com/openings/Pirc-Defense-2.Nc3-Nf6-3.f4-g6,2025.04.08,2:03:28,1579,1574,1574,1579,600,FreakWhenSee won by resignation,2:03:28,2025.04.08,2:15:17,Pirc Defense,Pirc Defense,Main Line,Win,32,72.78,66.64,1,7,3,7,22,8,16,7
89,Chess.com,2025.04.08,FreakWhenSee,manzato,1-0,B10,https://www.chess.com/openings/Caro-Kann-Defense-Two-Knights-Attack,2025.04.08,2:16:21,1582,1559,1582,1559,600,FreakWhenSee won by resignation,2:16:21,2025.04.08,2:25:04,Caro-Kann Defense: Two Knights Attack,Caro-Kann Defense,Two Knights Attack,Win,27,65.05,89.08,1,3,1,1,15,5,15,16
90,Chess.com,2025.04.08,sandymeranaam,FreakWhenSee,1-0,B07,https://www.chess.com/openings/Pirc-Defense-Main-Line-4.Bf4-c6,2025.04.08,2:29:06,1618,1575,1575,1618,600,sandymeranaam won by resignation,2:29:06,2025.04.08,2:30:01,Pirc Defense: Main Line,Pirc Defense,Main Line,Loss,8,83.09,91.07,0,1,0,0,0,7,0,0
91,Chess.com,2025.04.08,NickNaveen,FreakWhenSee,1/2-1/2,A05,https://www.chess.com/openings/Reti-Opening-Kings-Indian-Attack-Symmetrical-Defense-3.b3-Bg7-4.Bb2-d6-5.Bg2,2025.04.08,2:32:17,1553,1574,1574,1553,600,Game drawn by insufficient material,2:32:17,2025.04.08,2:38:35,"Reti Opening: King's Indian Attack, Symmetrical Defense",Reti Opening,"King's Indian Attack, Symmetrical Defense",Draw,54,87.18,73.84,7,4,8,8,34,27,34,20
92,Chess.com,2025.04.09,FreakWhenSee,hlhig425,0-1,C25,https://www.chess.com/openings/Vienna-Game,2025.04.09,0:01:42,1566,1583,1566,1583,600,hlhig425 won by resignation,0:01:42,2025.04.09,0:04:43,Vienna Game,Vienna Game,Main Line,Loss,10,75.2,76.59,0,0,0,1,0,0,0,9
93,Chess.com,2025.04.09,FreakWhenSee,AndrewDyj,0-1,C30,https://www.chess.com/openings/Kings-Gambit-Declined-Classical-Variation-3.Nf3-d6-4.Nc3-Nf6-5.Bc4,2025.04.09,0:05:37,1558,1579,1558,1579,600,AndrewDyj won by checkmate,0:05:37,2025.04.09,0:15:07,King's Gambit Declined: Classical Variation,King's Gambit Declined,Classical Variation,Loss,33,69.47,62.53,0,2,1,2,0,5,33,6
94,Chess.com,2025.04.09,FOULUFUNK,FreakWhenSee,0-1,B07,https://www.chess.com/openings/Pirc-Defense-Main-Line,2025.04.09,0:16:36,1528,1565,1565,1528,600,FreakWhenSee won by resignation,0:16:36,2025.04.09,0:20:15,Pirc Defense: Main Line,Pirc Defense,Main Line,Win,18,81.07,81.47,0,0,1,0,0,0,11,0
95,Chess.com,2025.04.09,FreakWhenSee,hendrosarwoko,0-1,B23,https://www.chess.com/openings/Closed-Sicilian-Defense,2025.04.09,2:27:02,1557,1582,1557,1582,600,hendrosarwoko won by resignation,2:27:02,2025.04.09,2:35:11,Closed Sicilian Defense,Closed Sicilian Defense,Main Line,Loss,18,85.08,84.88,0,0,0,2,0,0,0,14
96,Chess.com,2025.04.09,FreakWhenSee,DannishM,1-0,B23,https://www.chess.com/openings/Closed-Sicilian-Defense-Traditional-Line-3.Bb5,2025.04.09,2:35:52,1565,1569,1565,1569,600,FreakWhenSee won - game abandoned,2:35:52,2025.04.09,2:39:11,Closed Sicilian Defense: Traditional Line,Closed Sicilian Defense,Traditional Line,Win,6,77.51,75.9,0,0,0,0,0,0,0,0
97,Chess.com,2025.04.09,FreakWhenSee,Kengsdom,1-0,C25,https://www.chess.com/openings/Vienna-Game-2...d6-3.Bc4-Nf6,2025.04.09,2:39:14,1573,1557,1573,1557,600,FreakWhenSee won by checkmate,2:39:14,2025.04.09,2:52:32,Vienna Game,Vienna Game,Main Line,Win,46,50.96,42.76,1,3,0,1,32,5,0,33
98,Chess.com,2025.04.10,Ahmedbakr57,FreakWhenSee,1-0,B07,https://www.chess.com/openings/Pirc-Defense-2.Bc4-Nf6,2025.04.10,1:41:45,1589,1565,1565,1589,600,Ahmedbakr57 won by checkmate,1:41:45,2025.04.10,1:55:31,Pirc Defense,Pirc Defense,Main Line,Loss,35,83.37,91.9,2,6,0,6,32,8,0,8
99,Chess.com,2025.04.10,arikessler,FreakWhenSee,1-0,B08,https://www.chess.com/openings/Pirc-Defense-Classical-Variation-4...Bg7-5.Bc4-O-O,2025.04.10,1:56:28,1524,1556,1556,1524,600,arikessler won by checkmate,1:56:28,2025.04.10,2:12:52,Pirc Defense: Classical Variation,Pirc Defense,Classical Variation,Loss,27,81.27,67.98,3,2,1,4,18,17,20,19
100,Chess.com,2025.04.10,FreakWhenSee,aninda123,1-0,B23,https://www.chess.com/openings/Closed-Sicilian-Defense-2...a6-3.f4,2025.04.10,2:13:59,1562,1460,1562,1460,600,FreakWhenSee won by checkmate,2:13:59,2025.04.10,2:23:22,Closed Sicilian Defense,Closed Sicilian Defense,Main Line,Win,23,69.23,61.25,1,3,1,0,17,12,18,0
101,Chess.com,2025.04.10,FreakWhenSee,TheLast_Airbender,1-0,B01,https://www.chess.com/openings/Scandinavian-Defense-Mieses-Kotrc-Main-Line,2025.04.10,2:33:19,1570,1569,1570,1569,600,FreakWhenSee won by resignation,2:33:19,2025.04.10,2:39:47,"Scandinavian Defense: Mieses-Kotr훾, Main Line",Scandinavian Defense,"Mieses-Kotr훾, Main Line",Win,18,80.74,68.33,2,1,0,0,13,8,0,0
102,Chess.com,2025.04.10,marayag4,FreakWhenSee,1-0,B06,https://www.chess.com/openings/Modern-Defense-Standard-Two-Knights-Suttles-Variation-5.Be3-Nf6-6.h3-O-O-7.Bd3,2025.04.10,2:41:30,1600,1563,1563,1600,600,marayag4 won by resignation,2:41:30,2025.04.10,2:49:25,"Modern Defense: Standard, Two Knights, Suttles Variation",Modern Defense,"Standard, Two Knights, Suttles Variation",Loss,24,91.12,84.51,1,2,0,1,20,15,0,19
103,Chess.com,2025.04.10,Carlos3748,FreakWhenSee,1-0,B07,https://www.chess.com/openings/Pirc-Defense-Modern-Defense-Geller-System-2...Nf6,2025.04.10,2:49:51,1574,1555,1555,1574,600,Carlos3748 won by resignation,2:49:51,2025.04.10,3:05:10,"Pirc Defense: Modern Defense, Geller System",Pirc Defense,"Modern Defense, Geller System",Loss,49,55.74,64.8,2,4,1,5,23,33,40,10
104,Chess.com,2025.04.10,FreakWhenSee,cengcest,1-0,C20,https://www.chess.com/openings/Bishops-Opening-Boi-Variation-3.Nc3,2025.04.10,3:05:54,1563,1544,1563,1544,600,FreakWhenSee won by checkmate,3:05:54,2025.04.10,3:21:41,Bishop's Opening: Boi Variation,Bishop's Opening,Boi Variation,Win,63,55.92,68.04,2,12,2,6,39,4,34,4
105,Chess.com,2025.04.11,Orgnics,FreakWhenSee,1-0,B08,https://www.chess.com/openings/Pirc-Defense-Classical-Variation-4...Bg7-5.Bc4-O-O-6.Qe2,2025.04.11,0:59:01,1557,1555,1555,1557,600,Orgnics won by resignation,0:59:01,2025.04.11,1:07:26,Pirc Defense: Classical Variation,Pirc Defense,Classical Variation,Loss,25,75.86,78.31,1,3,0,8,24,12,0,10
106,Chess.com,2025.04.11,ELITEROOK2,FreakWhenSee,1-0,B07,https://www.chess.com/openings/Pirc-Defense-2.Nc3-Nf6,2025.04.11,1:11:47,1568,1547,1547,1568,600,ELITEROOK2 won by resignation,1:11:47,2025.04.11,1:23:09,Pirc Defense,Pirc Defense,Main Line,Loss,35,92.12,78.92,2,10,3,7,8,9,9,6
107,Chess.com,2025.04.11,FreakWhenSee,yizmaster,0-1,C00,https://www.chess.com/openings/French-Defense-Queens-Knight-Variation,2025.04.11,1:24:46,1540,1579,1540,1579,600,yizmaster won by resignation,1:24:46,2025.04.11,1:36:16,French Defense: Queen's Knight Variation,French Defense,Queen's Knight Variation,Loss,53,89.1,81.23,0,7,0,9,0,17,0,16
108,Chess.com,2025.04.11,FreakWhenSee,Irek_SPb,1-0,C23,https://www.chess.com/openings/Vienna-Game-Max-Lange-Meitner-Mieses-Gambit,2025.04.11,1:37:51,1549,1565,1549,1565,600,FreakWhenSee won by checkmate,1:37:51,2025.04.11,1:47:08,"Vienna Game: Max Lange, Meitner-Mieses Gambit",Vienna Game,"Max Lange, Meitner-Mieses Gambit",Win,44,77.35,100,2,3,1,3,23,5,16,18
109,Chess.com,2025.04.11,TurkeyChan,FreakWhenSee,0-1,A45,https://www.chess.com/openings/Indian-Game-2.Bf4-d6-3.Nc3,2025.04.11,3:02:25,1586,1558,1558,1586,600,FreakWhenSee won by resignation,3:02:25,2025.04.11,3:08:09,Indian Game,Indian Game,Main Line,Win,19,77.79,92.34,0,0,0,2,0,0,0,15
110,Chess.com,2025.04.11,FreakWhenSee,soehtet12,0-1,C27,https://www.chess.com/openings/Vienna-Game-Frankenstein-Dracula-Variation,2025.04.11,3:09:00,1549,1544,1549,1544,600,soehtet12 won by checkmate,3:09:00,2025.04.11,3:15:55,Vienna Game: Frankenstein-Dracula Variation,Vienna Game,Frankenstein-Dracula Variation,Loss,15,74.67,89.61,1,0,2,2,13,0,13,9
111,Chess.com,2025.04.11,tsaraiva,FreakWhenSee,0-1,B07,https://www.chess.com/openings/Pirc-Defense-2.Bc4-Nf6,2025.04.11,3:16:48,1545,1557,1557,1545,600,FreakWhenSee won by checkmate,3:16:48,2025.04.11,3:35:45,Pirc Defense,Pirc Defense,Main Line,Win,70,90.24,84.9,1,4,4,2,18,21,19,43
112,Chess.com,2025.04.12,FreakWhenSee,ciprianovasquez,1-0,B06,https://www.chess.com/openings/Modern-Defense-Standard-Line,2025.04.12,0:58:21,1565,1553,1565,1553,600,FreakWhenSee won by resignation,0:58:21,2025.04.12,1:02:30,Modern Defense: Standard Line,Modern Defense,Standard Line,Win,26,62.31,78.1,2,7,2,5,19,10,17,12
113,Chess.com,2025.04.12,Ruth_Miryam,FreakWhenSee,0-1,A05,https://www.chess.com/openings/Reti-Opening-Kings-Indian-Attack-Symmetrical-Defense...4.O-O-O-O-5.d3-d6-6.c4,2025.04.12,1:03:12,1561,1573,1573,1561,600,FreakWhenSee won by resignation,1:03:12,2025.04.12,1:09:40,"Reti Opening: King's Indian Attack, Symmetrical Defense",Reti Opening,"King's Indian Attack, Symmetrical Defense",Win,22,85.16,67.79,0,0,0,2,0,0,0,21
114,Chess.com,2025.04.12,FreakWhenSee,Tropitrope,1-0,B02,https://www.chess.com/openings/Alekhines-Defense-Scandinavian-Variation-3.exd5-Nxd5-4.Nf3,2025.04.12,1:10:35,1581,1554,1581,1554,600,FreakWhenSee won by resignation,1:10:35,2025.04.12,1:17:55,Alekhine's Defense: Scandinavian Variation,Alekhine's Defense,Scandinavian Variation,Win,24,88.36,77.52,1,4,0,3,23,16,0,10
115,Chess.com,2025.04.12,srinath422,FreakWhenSee,0-1,B07,https://www.chess.com/openings/Pirc-Defense-Main-Line-Kholmov-System-4...Bg7,2025.04.12,23:50:53,1550,1588,1588,1550,600,FreakWhenSee won by resignation,23:50:53,2025.04.13,0:02:24,"Pirc Defense: Main Line, Kholmov System",Pirc Defense,"Main Line, Kholmov System",Win,29,81.44,89.13,1,5,2,5,18,11,8,9
116,Chess.com,2025.04.13,FreakWhenSee,montazerireza,0-1,C25,https://www.chess.com/openings/Vienna-Game-Max-Lange-Defense-3.Bc4,2025.04.13,16:45:39,1580,1590,1580,1590,600,montazerireza won by resignation,16:45:39,2025.04.13,16:48:53,Vienna Game: Max Lange Defense,Vienna Game,Max Lange Defense,Loss,17,91.08,83.12,0,4,2,3,0,5,10,5
117,Chess.com,2025.04.13,RrustamA,FreakWhenSee,1/2-1/2,A45,https://www.chess.com/openings/Indian-Game-2.Bf4-d6,2025.04.13,16:49:21,1573,1580,1580,1573,600,Game drawn by insufficient material,16:49:21,2025.04.13,17:04:05,Indian Game,Indian Game,Main Line,Draw,62,75.04,67.51,4,3,2,3,51,20,40,18
118,Chess.com,2025.04.13,FreakWhenSee,aguila4,1/2-1/2,C25,https://www.chess.com/openings/Vienna-Game-2...d6-3.Bc4,2025.04.13,17:27:48,1580,1595,1580,1595,600,Game drawn by repetition,17:27:48,2025.04.13,17:44:07,Vienna Game,Vienna Game,Main Line,Draw,60,64.15,47.57,0,9,2,8,0,7,22,7
119,Chess.com,2025.04.13,detroitpcb,FreakWhenSee,0-1,A16,https://www.chess.com/openings/Kings-Indian-Defense-Fianchetto-Yugoslav-System-5.Nc3,2025.04.13,23:52:22,1559,1588,1588,1559,600,FreakWhenSee won by resignation,23:52:22,2025.04.14,0:07:10,"King's Indian Defense: Fianchetto, Yugoslav System",King's Indian Defense,"Fianchetto, Yugoslav System",Win,50,69.35,66.07,0,8,1,7,0,15,49,25
120,Chess.com,2025.04.14,adel025,FreakWhenSee,1-0,B07,https://www.chess.com/openings/Pirc-Defense,2025.04.14,0:52:09,1528,1578,1578,1528,600,adel025 won by resignation,0:52:09,2025.04.14,1:02:59,Pirc Defense,Pirc Defense,Main Line,Loss,32,81.82,67.93,0,7,0,3,0,10,0,18
121,Chess.com,2025.04.14,FreakWhenSee,Vardy81,1-0,B23,https://www.chess.com/openings/Closed-Sicilian-Defense-Grand-Prix-Attack-3...d6-4.Nf3-Nf6-5.Bb5,2025.04.14,1:03:50,1586,1557,1586,1557,600,FreakWhenSee won by resignation,1:03:50,2025.04.14,1:10:24,Closed Sicilian Defense: Grand Prix Attack,Closed Sicilian Defense,Grand Prix Attack,Win,35,77.74,87.43,3,3,0,5,13,26,0,11
122,Chess.com,2025.04.14,FreakWhenSee,omioakys,1-0,C25,https://www.chess.com/openings/Vienna-Game-Max-Lange-Defense-3.Bc4,2025.04.14,23:56:43,1594,1590,1594,1590,600,FreakWhenSee won by resignation,23:56:43,2025.04.15,0:05:23,Vienna Game: Max Lange Defense,Vienna Game,Max Lange Defense,Win,26,83.66,77.98,0,4,0,0,0,10,0,0
123,Chess.com,2025.04.15,FreakWhenSee,Saevarms,1-0,C27,https://www.chess.com/openings/Vienna-Game-Frankenstein-Dracula-Variation,2025.04.15,0:08:56,1602,1573,1602,1573,600,FreakWhenSee won by resignation,0:08:56,2025.04.15,0:10:58,Vienna Game: Frankenstein-Dracula Variation,Vienna Game,Frankenstein-Dracula Variation,Win,11,63.61,80.55,1,0,0,1,7,0,0,7
124,Chess.com,2025.04.15,mikail1973,FreakWhenSee,0-1,B07,https://www.chess.com/openings/Pirc-Defense-2.d4-Nf6-3.Bd3-g6,2025.04.15,0:12:18,1578,1610,1610,1578,600,FreakWhenSee won by checkmate,0:12:18,2025.04.15,0:20:04,Pirc Defense,Pirc Defense,Main Line,Win,25,78.45,77.72,0,3,2,4,0,11,21,14
125,Chess.com,2025.04.15,aaabbbuuuyyy,FreakWhenSee,1-0,B07,https://www.chess.com/openings/Pirc-Defense-2.Bc4-Nf6,2025.04.15,0:21:29,1578,1601,1601,1578,600,aaabbbuuuyyy won by resignation,0:21:29,2025.04.15,0:37:09,Pirc Defense,Pirc Defense,Main Line,Loss,54,87.97,77.28,1,12,1,10,52,20,53,21
126,Chess.com,2025.04.15,khamidov_farhod1961,FreakWhenSee,0-1,B07,https://www.chess.com/openings/Pirc-Defense...3.Bd3-g6-4.Nf3-Bg7,2025.04.15,0:38:46,1651,1610,1610,1651,600,FreakWhenSee won by resignation,0:38:46,2025.04.15,0:52:03,Pirc Defense,Pirc Defense,Main Line,Win,47,88.6,83.29,1,3,1,4,47,26,47,26
127,Chess.com,2025.04.15,FreakWhenSee,Ramos_chess_22,1-0,B00,https://www.chess.com/openings/Owens-Defense-2.d4-Bb7-3.Nc3,2025.04.15,1:07:07,1619,1639,1619,1639,600,FreakWhenSee won by resignation,1:07:07,2025.04.15,1:12:21,Owen's Defense,Owen's Defense,Main Line,Win,20,84.47,71.68,1,1,0,1,18,5,0,5
128,Chess.com,2025.04.15,stefan6807,FreakWhenSee,1-0,B07,https://www.chess.com/openings/Pirc-Defense-Czech-Defense-4.f4-g6-5.Nf3-Bg7,2025.04.15,2:16:55,1634,1611,1611,1634,600,stefan6807 won by resignation,2:16:55,2025.04.15,2:20:56,Pirc Defense: Czech Defense,Pirc Defense,Czech Defense,Loss,21,75.48,78.68,3,1,1,3,18,11,21,6
129,Chess.com,2025.04.15,FreakWhenSee,simoneeeJD17,1-0,C01,https://www.chess.com/openings/French-Defense-Exchange-Variation-3...exd5-4.Nc3-Nf6,2025.04.15,2:21:48,1619,1586,1619,1586,600,FreakWhenSee won by resignation,2:21:48,2025.04.15,2:36:01,French Defense: Exchange Variation,French Defense,Exchange Variation,Win,24,73.6,74.5,4,6,3,3,19,8,16,14
130,Chess.com,2025.04.16,FreakWhenSee,hilmiramadani,1-0,C25,https://www.chess.com/openings/Vienna-Game-2...d6-3.Bc4-Nf6,2025.04.16,2:07:21,1627,1609,1627,1609,600,FreakWhenSee won by resignation,2:07:21,2025.04.16,2:20:18,Vienna Game,Vienna Game,Main Line,Win,35,86.44,86.92,0,10,0,10,0,7,0,14
131,Chess.com,2025.04.16,kaushalsultania,FreakWhenSee,1-0,E61,https://www.chess.com/openings/Kings-Indian-Defense-Normal-Variation...5.Bg5-d6-6.e3-c6,2025.04.16,2:51:52,1627,1619,1619,1627,600,kaushalsultania won by resignation,2:51:52,2025.04.16,2:53:53,King's Indian Defense: Normal Variation,King's Indian Defense,Normal Variation,Loss,14,56.87,73.09,1,0,0,1,13,0,0,12
132,Chess.com,2025.04.16,BatbilegJ,FreakWhenSee,0-1,B07,https://www.chess.com/openings/Pirc-Defense-Main-Line-4.h3-Bg7,2025.04.16,2:54:46,1652,1628,1628,1652,600,FreakWhenSee won by resignation,2:54:46,2025.04.16,3:03:07,Pirc Defense: Main Line,Pirc Defense,Main Line,Win,34,70.04,75.54,0,1,1,3,0,32,16,14
133,Chess.com,2025.04.17,FreakWhenSee,Gustavo513,1-0,C55,https://www.chess.com/openings/Italian-Game-Two-Knights-Modern-Bishops-Opening...5.O-O-O-O-6.Nc3-d6,2025.04.17,1:50:47,1635,1596,1635,1596,600,FreakWhenSee won by resignation,1:50:47,2025.04.17,1:58:18,"Italian Game: Two Knights, Modern Bishop's Opening",Italian Game,"Two Knights, Modern Bishop's Opening",Win,23,76.7,66.32,1,2,0,2,11,20,0,15
134,Chess.com,2025.04.17,tabulos,FreakWhenSee,1-0,B07,https://www.chess.com/openings/Pirc-Defense-Modern-Defense-Geller-System-2...Nf6-3.Nc3-g6,2025.04.17,19:22:51,1657,1627,1627,1657,600,tabulos won by resignation,19:22:51,2025.04.17,19:33:29,"Pirc Defense: Modern Defense, Geller System",Pirc Defense,"Modern Defense, Geller System",Loss,27,86.74,97.37,2,5,0,3,24,18,0,19
135,Chess.com,2025.04.17,kevinmeridius,FreakWhenSee,0-1,E64,https://www.chess.com/openings/Kings-Indian-Defense-Fianchetto-Yugoslav-Panno-System-6...Nbd7-7.Qc2-e5,2025.04.17,19:34:33,1622,1635,1635,1622,600,FreakWhenSee won by checkmate,19:34:33,2025.04.17,19:42:11,"King's Indian Defense: Fianchetto, Yugoslav, Panno System",King's Indian Defense,"Fianchetto, Yugoslav, Panno System",Win,22,59.61,50.88,0,3,1,4,0,11,21,11
136,Chess.com,2025.04.18,FreakWhenSee,Andreuy,1-0,C20,https://www.chess.com/openings/Bishops-Opening-Boi-Variation-3.Nc3,2025.04.18,1:57:11,1643,1629,1643,1629,600,FreakWhenSee won by resignation,1:57:11,2025.04.18,2:04:30,Bishop's Opening: Boi Variation,Bishop's Opening,Boi Variation,Win,31,75.06,79.49,1,2,0,3,4,6,0,7
137,Chess.com,2025.04.18,FreakWhenSee,a7md3esam,0-1,B10,https://www.chess.com/openings/Caro-Kann-Defense-Two-Knights-Attack...4.Nxe4-Bg4-5.h3-Bxf3,2025.04.18,2:06:33,1637,1744,1637,1744,600,a7md3esam won by checkmate,2:06:33,2025.04.18,2:14:26,Caro-Kann Defense: Two Knights Attack,Caro-Kann Defense,Two Knights Attack,Loss,25,60.43,94.41,0,2,1,3,0,4,25,14
138,Chess.com,2025.04.18,JJazev,FreakWhenSee,0-1,A53,https://www.chess.com/openings/Old-Indian-Defense-3.Nf3-g6,2025.04.18,2:57:36,1644,1645,1645,1644,600,FreakWhenSee won by resignation,2:57:36,2025.04.18,3:04:08,Old Indian Defense,Old Indian Defense,Main Line,Win,17,79.61,92.75,0,0,0,3,0,0,0,10
139,Chess.com,2025.04.18,FreakWhenSee,ch4ff,0-1,B10,https://www.chess.com/openings/Caro-Kann-Defense-Two-Knights-Attack...4.Nxe4-Bf5-5.Ng3-Bg6,2025.04.18,14:46:50,1637,1643,1637,1643,600,ch4ff won by resignation,14:46:50,2025.04.18,14:49:53,Caro-Kann Defense: Two Knights Attack,Caro-Kann Defense,Two Knights Attack,Loss,10,85.02,78.66,0,0,1,1,0,0,9,6
140,Chess.com,2025.04.18,FreakWhenSee,CahyoM3,1-0,C25,https://www.chess.com/openings/Vienna-Game-2...d6-3.Bc4,2025.04.18,14:50:28,1645,1622,1645,1622,600,FreakWhenSee won by resignation,14:50:28,2025.04.18,14:56:01,Vienna Game,Vienna Game,Main Line,Win,26,77.34,86.8,1,3,1,2,12,17,12,18
141,Chess.com,2025.04.18,aldrinity,FreakWhenSee,1-0,E91,https://www.chess.com/openings/Kings-Indian-Defense-Orthodox-Variation-6...c5-7.O-O-Bg4-8.d5,2025.04.18,15:01:40,1676,1638,1638,1676,600,aldrinity won by checkmate,15:01:40,2025.04.18,15:13:31,King's Indian Defense: Orthodox Variation,King's Indian Defense,Orthodox Variation,Loss,31,60.16,56.08,2,0,0,2,19,0,0,17
142,Chess.com,2025.04.18,Facusin,FreakWhenSee,0-1,B07,https://www.chess.com/openings/Pirc-Defense-2.Bc4-Nf6,2025.04.18,15:15:23,1641,1646,1646,1641,600,FreakWhenSee won - game abandoned,15:15:23,2025.04.18,15:30:06,Pirc Defense,Pirc Defense,Main Line,Win,35,76.06,78.17,0,5,1,4,0,10,9,11
143,Chess.com,2025.04.21,FreakWhenSee,ajh2844,0-1,B10,https://www.chess.com/openings/Caro-Kann-Defense-Two-Knights-Attack...4.Nxe4-Bf5-5.Ng3-Bg6-6.h4,2025.04.21,1:19:55,1636,1573,1636,1573,600,ajh2844 won by resignation,1:19:55,2025.04.21,1:27:06,Caro-Kann Defense: Two Knights Attack,Caro-Kann Defense,Two Knights Attack,Loss,21,84.31,78.15,0,5,2,5,0,7,20,12
144,Chess.com,2025.04.21,XxsimplysuperiorxX,FreakWhenSee,0-1,B07,https://www.chess.com/openings/Pirc-Defense-Main-Line...5.Qd2-c6-6.Bh6-Bxh6-7.Qxh6,2025.04.21,1:28:29,1631,1644,1644,1631,600,FreakWhenSee won by checkmate,1:28:29,2025.04.21,1:37:11,Pirc Defense: Main Line,Pirc Defense,Main Line,Win,36,85,80.14,3,5,5,6,15,10,15,17
145,Chess.com,2025.04.21,FreakWhenSee,sparapuram,1-0,B01,https://www.chess.com/openings/Scandinavian-Defense-Mieses-Kotrc-Variation-3.Nc3-Qd8-4.Nf3,2025.04.21,1:38:17,1652,1633,1652,1633,600,FreakWhenSee won by checkmate,1:38:17,2025.04.21,1:51:28,Scandinavian Defense: Mieses-Kotr훾 Variation,Scandinavian Defense,Mieses-Kotr훾 Variation,Win,66,91.25,81.83,3,3,1,3,24,13,60,16
146,Chess.com,2025.04.22,FreakWhenSee,Yntilaciencia,1-0,B01,https://www.chess.com/openings/Scandinavian-Defense-Mieses-Kotrc-Variation-3.Nc3-Qd8-4.Nf3,2025.04.22,1:59:37,1660,1660,1660,1660,600,FreakWhenSee won by checkmate,1:59:37,2025.04.22,2:15:36,Scandinavian Defense: Mieses-Kotr훾 Variation,Scandinavian Defense,Mieses-Kotr훾 Variation,Win,42,90.47,70.26,4,2,2,3,17,12,18,23
147,Chess.com,2025.04.23,BossBC-Lenny,FreakWhenSee,1-0,B07,https://www.chess.com/openings/Pirc-Defense-Modern-Defense-Geller-System-2...Nf6,2025.04.23,2:39:22,1676,1652,1652,1676,600,BossBC-Lenny won by resignation,2:39:22,2025.04.23,2:49:22,"Pirc Defense: Modern Defense, Geller System",Pirc Defense,"Modern Defense, Geller System",Loss,48,93.13,73.29,3,12,2,7,27,9,22,9
148,Chess.com,2025.04.23,FreakWhenSee,ticxxa09,1-0,C00,https://www.chess.com/openings/French-Defense-Normal-Variation,2025.04.23,2:50:54,1660,1653,1660,1653,600,FreakWhenSee won by resignation,2:50:54,2025.04.23,2:59:20,French Defense: Normal Variation,French Defense,Normal Variation,Win,27,72.28,64.73,3,2,1,2,18,14,24,13
149,Chess.com,2025.04.23,amrasman1981,FreakWhenSee,0-1,B07,https://www.chess.com/openings/Pirc-Defense-Main-Line-Kholmov-System-4...Bg7,2025.04.23,3:00:37,1674,1669,1669,1674,600,FreakWhenSee won by resignation,3:00:37,2025.04.23,3:08:12,"Pirc Defense: Main Line, Kholmov System",Pirc Defense,"Main Line, Kholmov System",Win,32,77.94,67.8,0,1,0,2,0,16,0,15
150,Chess.com,2025.04.24,DATTAI,FreakWhenSee,1-0,B07,https://www.chess.com/openings/Pirc-Defense-Modern-Defense-Geller-System-2...Nf6,2025.04.24,0:46:49,1691,1661,1661,1691,600,DATTAI won by resignation,0:46:49,2025.04.24,0:52:02,"Pirc Defense: Modern Defense, Geller System",Pirc Defense,"Modern Defense, Geller System",Loss,22,91.49,82.95,3,5,2,5,9,6,7,9
151,Chess.com,2025.04.24,FreakWhenSee,nicholasvikren,0-1,C26,https://www.chess.com/openings/Vienna-Game-Falkbeer-Stanley-Reversed-Spanish-Variation,2025.04.24,0:52:42,1653,1675,1653,1675,600,nicholasvikren won by checkmate,0:52:42,2025.04.24,1:00:26,"Vienna Game: Falkbeer, Stanley, Reversed Spanish Variation",Vienna Game,"Falkbeer, Stanley, Reversed Spanish Variation",Loss,27,96.37,90.95,2,4,2,2,20,13,21,20
152,Chess.com,2025.04.24,Luisillo134,FreakWhenSee,1-0,B07,https://www.chess.com/openings/Pirc-Defense...4.Nf3-Bg7-5.O-O-O-O,2025.04.24,1:04:31,1678,1645,1645,1678,600,Luisillo134 won by resignation,1:04:31,2025.04.24,1:14:15,Pirc Defense,Pirc Defense,Main Line,Loss,46,73.83,86.71,1,3,1,2,45,7,13,11
153,Chess.com,2025.04.24,FreakWhenSee,Stea1thy609,0-1,B07,https://www.chess.com/openings/Pirc-Defense-Main-Line...5.Qd2-Ng4-6.Bg5-h6-7.Bh4,2025.04.24,2:52:11,1636,1630,1636,1630,600,Stea1thy609 won on time,2:52:11,2025.04.24,3:10:03,Pirc Defense: Main Line,Pirc Defense,Main Line,Loss,52,85.6,94.42,1,4,1,2,39,9,39,14
154,Chess.com,2025.04.24,Ugoti,FreakWhenSee,1/2-1/2,B07,https://www.chess.com/openings/Pirc-Defense-Main-Line-Byrne-Variation-4...c6,2025.04.24,13:58:01,1627,1636,1636,1627,600,Game drawn by timeout vs insufficient material,13:58:01,2025.04.24,14:18:56,"Pirc Defense: Main Line, Byrne Variation",Pirc Defense,"Main Line, Byrne Variation",Draw,74,84.02,84.32,15,11,10,8,27,32,27,13
155,Chess.com,2025.04.24,FreakWhenSee,Devkampani999,0-1,B10,https://www.chess.com/openings/Caro-Kann-Defense-Two-Knights-Attack-3...dxe4-4.Nxe4-Nf6-5.Qe2,2025.04.24,14:22:06,1628,1655,1628,1655,600,Devkampani999 won by resignation,14:22:06,2025.04.24,14:38:37,Caro-Kann Defense: Two Knights Attack,Caro-Kann Defense,Two Knights Attack,Loss,72,80.34,96.12,4,11,4,7,41,23,47,30
156,Chess.com,2025.04.24,FreakWhenSee,Marlon355,1-0,B23,https://www.chess.com/openings/Closed-Sicilian-Defense-2...e6,2025.04.24,15:13:51,1636,1620,1636,1620,600,FreakWhenSee won by resignation,15:13:51,2025.04.24,15:21:10,Closed Sicilian Defense,Closed Sicilian Defense,Main Line,Win,26,76.11,76.55,0,5,0,2,0,6,0,17
157,Chess.com,2025.04.24,FreakWhenSee,SerHawk,0-1,C25,https://www.chess.com/openings/Vienna-Game-Max-Lange-Defense-3.Bc4,2025.04.24,19:39:12,1627,1620,1627,1620,600,SerHawk won by resignation,19:39:12,2025.04.24,19:47:00,Vienna Game: Max Lange Defense,Vienna Game,Max Lange Defense,Loss,29,96.87,88.96,0,2,0,3,0,5,0,5
158,Chess.com,2025.04.24,Skoda2008,FreakWhenSee,0-1,B07,https://www.chess.com/openings/Pirc-Defense-2.Bc4-Nf6,2025.04.24,19:47:51,1606,1635,1635,1606,600,FreakWhenSee won by checkmate,19:47:51,2025.04.24,19:53:25,Pirc Defense,Pirc Defense,Main Line,Win,18,80.91,71.17,0,0,1,2,0,0,18,16
159,Chess.com,2025.04.24,11th_dimension,FreakWhenSee,1-0,B07,https://www.chess.com/openings/Pirc-Defense-Main-Line-4.Be3-c6,2025.04.24,20:03:23,1634,1627,1627,1634,600,11th_dimension won by resignation,20:03:23,2025.04.24,20:06:14,Pirc Defense: Main Line,Pirc Defense,Main Line,Loss,23,48.83,62.28,2,3,0,4,16,17,0,6
160,Chess.com,2025.04.24,KroDaddyKicks27,FreakWhenSee,1-0,B08,https://www.chess.com/openings/Pirc-Defense-Classical-Variation-4...Bg7-5.Bc4-O-O,2025.04.24,20:07:00,1634,1619,1619,1634,600,KroDaddyKicks27 won by checkmate,20:07:00,2025.04.24,20:14:18,Pirc Defense: Classical Variation,Pirc Defense,Classical Variation,Loss,31,82.02,75.6,1,1,0,1,29,21,0,27
161,Chess.com,2025.04.24,FreakWhenSee,FraudulentPaystubs,1-0,B23,https://www.chess.com/openings/Closed-Sicilian-Defense-Grand-Prix-Variation,2025.04.24,20:16:28,1627,1625,1627,1625,600,FreakWhenSee won by checkmate,20:16:28,2025.04.24,20:31:02,Closed Sicilian Defense: Grand Prix Variation,Closed Sicilian Defense,Grand Prix Variation,Win,41,76.99,80.87,3,4,0,6,30,18,0,13
162,Chess.com,2025.04.24,FreakWhenSee,sazanxhani,1-0,B23,https://www.chess.com/openings/Closed-Sicilian-Defense-2...e6,2025.04.24,20:34:27,1635,1614,1635,1614,600,FreakWhenSee won by resignation,20:34:27,2025.04.24,20:39:12,Closed Sicilian Defense,Closed Sicilian Defense,Main Line,Win,18,65.07,82.87,3,0,0,3,8,0,0,9
163,Chess.com,2025.04.25,David11111111111112222,FreakWhenSee,1/2-1/2,B07,https://www.chess.com/openings/Pirc-Defense-2.d4-Nf6,2025.04.25,0:53:23,1647,1635,1635,1647,600,Game drawn by stalemate,0:53:23,2025.04.25,1:06:26,Pirc Defense,Pirc Defense,Main Line,Draw,68,75.21,83.42,5,8,4,10,36,8,9,3
164,Chess.com,2025.04.25,BlueKing_31,FreakWhenSee,1-0,B08,https://www.chess.com/openings/Pirc-Defense-Classical-Variation...5.Bc4-O-O-6.O-O-Nxe4,2025.04.25,1:16:20,1649,1627,1627,1649,600,BlueKing_31 won by resignation,1:16:20,2025.04.25,1:20:11,Pirc Defense: Classical Variation,Pirc Defense,Classical Variation,Loss,17,71.49,70.56,3,0,0,2,9,0,0,10
165,Chess.com,2025.04.25,FreakWhenSee,NodirbekSheir,1-0,C30,https://www.chess.com/openings/Kings-Gambit-Declined-Classical-Variation...4.Nc3-Nf6-5.Bc4-Nc6,2025.04.25,1:21:02,1635,1615,1635,1615,600,FreakWhenSee won by resignation,1:21:02,2025.04.25,1:24:59,King's Gambit Declined: Classical Variation,King's Gambit Declined,Classical Variation,Win,13,69.72,77.79,1,3,1,1,10,4,10,4
166,Chess.com,2025.04.25,oirh_2,FreakWhenSee,0-1,B07,https://www.chess.com/openings/Pirc-Defense,2025.04.25,1:25:35,1646,1643,1643,1646,600,FreakWhenSee won by resignation,1:25:35,2025.04.25,1:35:51,Pirc Defense,Pirc Defense,Main Line,Win,33,63.09,53.66,0,3,2,4,0,12,20,11
167,Chess.com,2025.04.29,FreakWhenSee,zud1n,1-0,B00,https://www.chess.com/openings/Kings-Pawn-Opening-St-George-Defense,2025.04.29,0:35:26,1651,1640,1651,1640,600,FreakWhenSee won by checkmate,0:35:26,2025.04.29,0:52:06,King's Pawn Opening: St. George Defense,King's Pawn Opening,St. George Defense,Win,55,76.69,88.18,4,12,5,8,7,8,8,6
168,Chess.com,2025.04.29,Abdulwahidd,FreakWhenSee,0-1,B07,https://www.chess.com/openings/Pirc-Defense-Main-Line-4.h3-Bg7,2025.04.29,0:56:44,1664,1660,1660,1664,600,FreakWhenSee won by resignation,0:56:44,2025.04.29,1:13:43,Pirc Defense: Main Line,Pirc Defense,Main Line,Win,41,63.97,72.83,3,3,3,6,16,19,22,16
169,Chess.com,2025.04.29,FreakWhenSee,ggsums12,1-0,C28,https://www.chess.com/openings/Vienna-Game-Falkbeer-Vienna-Gambit-3...d6-4.Nf3,2025.04.29,2:21:55,1668,1658,1668,1658,600,FreakWhenSee won - game abandoned,2:21:55,2025.04.29,2:27:30,"Vienna Game: Falkbeer, Vienna Gambit",Vienna Game,"Falkbeer, Vienna Gambit",Win,16,70.69,56.83,0,0,0,0,0,0,0,0
170,Chess.com,2025.04.29,FreakWhenSee,basilion2,0-1,B07,https://www.chess.com/openings/Pirc-Defense-Modern-Defense-Geller-System...3.Nc3-e5-4.Bc4-Be7,2025.04.29,2:28:34,1661,1724,1661,1724,600,basilion2 won by resignation,2:28:34,2025.04.29,2:45:28,"Pirc Defense: Modern Defense, Geller System",Pirc Defense,"Modern Defense, Geller System",Loss,72,88.24,73.17,2,5,2,11,23,18,33,20
171,Chess.com,2025.04.29,kocecilia,FreakWhenSee,0-1,B07,https://www.chess.com/openings/Pirc-Defense-Harmonist-Variation-2...Nf6,2025.04.29,2:47:34,1682,1670,1670,1682,600,FreakWhenSee won by resignation,2:47:34,2025.04.29,2:57:41,Pirc Defense: Harmonist Variation,Pirc Defense,Harmonist Variation,Win,36,90.64,94.22,0,3,1,8,0,5,36,8
172,Chess.com,2025.04.29,FreakWhenSee,Chessquester10,0-1,B23,https://www.chess.com/openings/Closed-Sicilian-Defense-Grand-Prix-Variation-3...g6-4.Nf3,2025.04.29,3:05:48,1662,1658,1662,1658,600,Chessquester10 won by checkmate,3:05:48,2025.04.29,3:16:58,Closed Sicilian Defense: Grand Prix Variation,Closed Sicilian Defense,Grand Prix Variation,Loss,38,86.16,70.52,1,3,2,3,15,8,34,12
173,Chess.com,2025.04.30,Carmelo1943,FreakWhenSee,0-1,B07,https://www.chess.com/openings/Pirc-Defense-Main-Line-Kholmov-System-4...Bg7,2025.04.30,1:45:54,1647,1670,1670,1647,600,FreakWhenSee won by checkmate,1:45:54,2025.04.30,1:51:33,"Pirc Defense: Main Line, Kholmov System",Pirc Defense,"Main Line, Kholmov System",Win,18,80.97,98.4,0,2,1,2,0,10,18,10
174,Chess.com,2025.04.30,FreakWhenSee,Drakechan1,1-0,B20,https://www.chess.com/openings/Sicilian-Defense-Bowdler-Attack-2...e6-3.Nc3-Nc6,2025.04.30,1:52:30,1678,1655,1678,1655,600,FreakWhenSee won by resignation,1:52:30,2025.04.30,1:58:42,Sicilian Defense: Bowdler Attack,Sicilian Defense,Bowdler Attack,Win,18,79.11,76.16,0,3,0,0,0,15,0,0
175,Chess.com,2025.04.30,sanyuswewwweeeyyyyyyyhhh,FreakWhenSee,1-0,B09,https://www.chess.com/openings/Pirc-Defense-Main-Line-Austrian-Attack,2025.04.30,3:10:40,1681,1670,1670,1681,600,sanyuswewwweeeyyyyyyyhhh won by resignation,3:10:40,2025.04.30,3:20:20,"Pirc Defense: Main Line, Austrian Attack",Pirc Defense,"Main Line, Austrian Attack",Loss,28,80.42,71.26,1,4,0,2,27,17,0,6
176,Chess.com,2025.04.30,FreakWhenSee,moneyflacco,0-1,B10,https://www.chess.com/openings/Caro-Kann-Defense-Two-Knights-Attack...5.Ng3-Bg6-6.h4-h6-7.Ne5,2025.04.30,3:21:06,1662,1692,1662,1692,600,moneyflacco won on time,3:21:06,2025.04.30,3:37:29,Caro-Kann Defense: Two Knights Attack,Caro-Kann Defense,Two Knights Attack,Loss,62,95.1,77.28,3,2,1,8,12,11,60,11
177,Chess.com,2025.05.01,attila800,FreakWhenSee,0-1,B06,https://www.chess.com/openings/Modern-Defense-with-1-e4...3.f4-Bg7-4.Nf3-Nf6-5.Bd3,2025.05.01,3:28:53,1678,1671,1671,1678,600,FreakWhenSee won on time,3:28:53,2025.05.01,3:45:10,Modern Defense with 1.e4,Modern Defense with 1.e4,Main Line,Win,32,75.85,86.28,1,3,1,5,11,6,12,6
178,Chess.com,2025.05.02,Poderb,FreakWhenSee,1-0,B07,https://www.chess.com/openings/Pirc-Defense-2.d4-Nf6-3.Bd3-g6,2025.05.02,2:40:30,1670,1663,1663,1670,600,Poderb won by resignation,2:40:30,2025.05.02,2:52:37,Pirc Defense,Pirc Defense,Main Line,Loss,32,72.57,83.54,0,6,0,4,0,9,0,10
179,Chess.com,2025.05.02,FreakWhenSee,mukivuqiterna,1-0,C28,https://www.chess.com/openings/Vienna-Game-Falkbeer-Vienna-Gambit,2025.05.02,2:53:25,1670,1631,1670,1631,600,FreakWhenSee won by resignation,2:53:25,2025.05.02,2:59:12,"Vienna Game: Falkbeer, Vienna Gambit",Vienna Game,"Falkbeer, Vienna Gambit",Win,16,70.74,65.04,1,1,0,4,15,3,0,5
180,Chess.com,2025.05.02,FreakWhenSee,Pero_adv,0-1,C01,https://www.chess.com/openings/French-Defense-Exchange-Variation...4.Nf3-Nf6-5.Bd3-c5-6.O-O,2025.05.02,3:00:05,1662,1688,1662,1688,600,Pero_adv won by resignation,3:00:05,2025.05.02,3:04:18,French Defense: Exchange Variation,French Defense,Exchange Variation,Loss,15,69.44,72.66,0,0,1,1,0,0,15,14
181,Chess.com,2025.05.02,brokenpoor,FreakWhenSee,0-1,B08,https://www.chess.com/openings/Pirc-Defense-Classical-Schlechter-Variation-5...O-O,2025.05.02,3:05:11,1663,1670,1670,1663,600,FreakWhenSee won by resignation,3:05:11,2025.05.02,3:21:21,"Pirc Defense: Classical, Schlechter Variation",Pirc Defense,"Classical, Schlechter Variation",Win,47,77.56,78.59,2,6,4,7,24,25,28,14
182,Chess.com,2025.05.03,BustamanHamim,FreakWhenSee,1-0,B07,https://www.chess.com/openings/Pirc-Defense-Modern-Defense-Geller-System-2...Nf6,2025.05.03,15:16:10,1694,1662,1662,1694,600,BustamanHamim won by resignation,15:16:10,2025.05.03,15:20:52,"Pirc Defense: Modern Defense, Geller System",Pirc Defense,"Modern Defense, Geller System",Loss,24,54.35,70.15,3,4,1,5,19,9,21,9
183,Chess.com,2025.05.03,FreakWhenSee,vecon101,0-1,B00,https://www.chess.com/openings/Owens-Defense...3.Nc3-e6-4.Bd3-Bb4,2025.05.03,15:22:15,1654,1664,1654,1664,600,vecon101 won by resignation,15:22:15,2025.05.03,15:27:32,Owen's Defense,Owen's Defense,Main Line,Loss,16,81.56,77.51,0,0,0,3,0,0,0,7
184,Chess.com,2025.05.03,FreakWhenSee,SiJaro,1-0,B20,https://www.chess.com/openings/Sicilian-Defense-Bowdler-Attack-2...e6-3.Nc3,2025.05.03,15:28:15,1662,1653,1662,1653,600,FreakWhenSee won by resignation,15:28:15,2025.05.03,15:31:46,Sicilian Defense: Bowdler Attack,Sicilian Defense,Bowdler Attack,Win,24,98,68.45,2,2,0,2,14,16,0,12
185,Chess.com,2025.05.04,Rope-A-Dope-Dope,FreakWhenSee,1-0,A01,https://www.chess.com/openings/Nimzowitsch-Larsen-Attack-1...d6,2025.05.04,0:11:37,1675,1654,1654,1675,600,Rope-A-Dope-Dope won on time,0:11:37,2025.05.04,0:32:01,Nimzowitsch-Larsen Attack,Nimzowitsch-Larsen Attack,Main Line,Loss,73,72.88,82.54,4,8,5,10,26,16,27,16
186,Chess.com,2025.05.04,cedoy02,FreakWhenSee,1-0,B08,https://www.chess.com/openings/Pirc-Defense-Classical-Schlechter-Variation...6.Be3-c6-7.Qd2-b5,2025.05.04,0:33:06,1662,1646,1646,1662,600,cedoy02 won by checkmate,0:33:06,2025.05.04,0:47:56,"Pirc Defense: Classical, Schlechter Variation",Pirc Defense,"Classical, Schlechter Variation",Loss,41,90.06,69.59,4,5,2,4,13,15,19,13
187,Chess.com,2025.05.04,FreakWhenSee,pcrawler,1-0,B01,https://www.chess.com/openings/Scandinavian-Defense-Mieses-Kotrc-Variation-3.Nc3-Qd8-4.Nf3,2025.05.04,0:48:36,1654,1632,1654,1632,600,FreakWhenSee won by resignation,0:48:36,2025.05.04,1:01:54,Scandinavian Defense: Mieses-Kotr훾 Variation,Scandinavian Defense,Mieses-Kotr훾 Variation,Win,42,67.11,80.21,4,5,5,2,13,14,12,29
188,Chess.com,2025.05.04,AsenDapev,FreakWhenSee,1-0,B07,https://www.chess.com/openings/Pirc-Defense-Main-Line-Byrne-Variation-4...Bg7-5.Qd2-c6,2025.05.04,15:44:06,1641,1645,1645,1641,600,AsenDapev won by resignation,15:44:06,2025.05.04,15:55:15,"Pirc Defense: Main Line, Byrne Variation",Pirc Defense,"Main Line, Byrne Variation",Loss,25,87.83,76.45,0,4,0,2,0,13,0,13
189,Chess.com,2025.05.04,morphyleo,FreakWhenSee,1-0,B07,https://www.chess.com/openings/Pirc-Defense,2025.05.04,15:56:11,1645,1637,1637,1645,600,morphyleo won on time,15:56:11,2025.05.04,16:14:15,Pirc Defense,Pirc Defense,Main Line,Loss,65,67.97,63.3,2,6,2,7,17,7,58,7
190,Chess.com,2025.05.06,FreakWhenSee,anandha_r,1/2-1/2,C25,https://www.chess.com/openings/Vienna-Game-Max-Lange-Defense-3.Bc4-Nf6,2025.05.06,0:14:13,1637,1649,1637,1649,600,Game drawn by repetition,0:14:13,2025.05.06,0:23:59,Vienna Game: Max Lange Defense,Vienna Game,Max Lange Defense,Draw,31,73.79,67.11,3,4,2,1,22,4,20,4
191,Chess.com,2025.05.06,jmac9999,FreakWhenSee,1-0,B07,https://www.chess.com/openings/Pirc-Defense-Main-Line-Sveshnikov-Jansa-Attack-5...b5,2025.05.06,0:25:06,1641,1629,1629,1641,600,jmac9999 won by checkmate,0:25:06,2025.05.06,0:41:49,"Pirc Defense: Main Line, Sveshnikov-Jansa Attack",Pirc Defense,"Main Line, Sveshnikov-Jansa Attack",Loss,37,81.69,80.49,2,7,1,6,34,12,30,10
192,Chess.com,2025.05.06,FreakWhenSee,Anatol231,0-1,B11,https://www.chess.com/openings/Caro-Kann-Defense-Two-Knights-Mindeno-Retreat-Line,2025.05.06,0:42:35,1621,1655,1621,1655,600,Anatol231 won by checkmate,0:42:35,2025.05.06,0:51:48,"Caro-Kann Defense: Two Knights, Mindeno, Retreat Line",Caro-Kann Defense,"Two Knights, Mindeno, Retreat Line",Loss,22,73.1,92.52,0,0,1,3,0,0,21,7
193,Chess.com,2025.05.06,FreakWhenSee,Dzevadz,1-0,C25,https://www.chess.com/openings/Vienna-Game-Max-Lange-Defense-3.Bc4,2025.05.06,0:52:45,1629,1628,1629,1628,600,FreakWhenSee won by checkmate,0:52:45,2025.05.06,0:56:30,Vienna Game: Max Lange Defense,Vienna Game,Max Lange Defense,Win,14,86.33,81.82,1,0,0,0,13,0,0,0
194,Chess.com,2025.05.06,Call1800Phen,FreakWhenSee,0-1,B07,https://www.chess.com/openings/Pirc-Defense,2025.05.06,0:57:02,1614,1637,1637,1614,600,FreakWhenSee won by resignation,0:57:02,2025.05.06,0:58:53,Pirc Defense,Pirc Defense,Main Line,Win,10,84.03,69.47,0,0,1,1,0,0,6,10
195,Chess.com,2025.05.06,FreakWhenSee,Eroz86,1-0,C50,https://www.chess.com/openings/Giuoco-Piano-Game-Giuoco-Pianissimo-Italian-Four-Knights-Variation-5...O-O,2025.05.06,2:27:03,1645,1631,1645,1631,600,FreakWhenSee won by resignation,2:27:03,2025.05.06,2:43:33,"Giuoco Piano Game: Giuoco Pianissimo, Italian Four Knights Variation",Giuoco Piano Game,"Giuoco Pianissimo, Italian Four Knights Variation",Win,36,71,78.85,1,5,0,2,32,18,0,20
196,Chess.com,2025.05.09,rubensneri21,FreakWhenSee,0-1,E74,https://www.chess.com/openings/Kings-Indian-Defense-Averbakh-Benoni-Advance-Variation-7...Qa5,2025.05.09,1:18:26,1616,1652,1652,1616,600,FreakWhenSee won by resignation,1:18:26,2025.05.09,1:34:23,"King's Indian Defense: Averbakh, Benoni, Advance Variation",King's Indian Defense,"Averbakh, Benoni, Advance Variation",Win,45,89.03,76.98,1,5,2,8,40,10,39,9
197,Chess.com,2025.05.09,FreakWhenSee,Marebbr,0-1,C25,https://www.chess.com/openings/Vienna-Game-Max-Lange-Defense-3.Bc4-Nf6,2025.05.09,1:47:45,1644,1668,1644,1668,600,Marebbr won by resignation,1:47:45,2025.05.09,1:56:58,Vienna Game: Max Lange Defense,Vienna Game,Max Lange Defense,Loss,24,70.65,75.07,0,8,1,4,0,4,24,4
198,Chess.com,2025.05.10,chikoy010124,FreakWhenSee,1-0,B08,https://www.chess.com/openings/Pirc-Defense-Classical-Variation-4...Bg7-5.Bg5-O-O,2025.05.10,2:11:57,1632,1636,1636,1632,600,chikoy010124 won by resignation,2:11:57,2025.05.10,2:28:38,Pirc Defense: Classical Variation,Pirc Defense,Classical Variation,Loss,67,71.81,72.49,3,6,2,4,38,24,37,10
199,Chess.com,2025.05.12,FreakWhenSee,Aropic,0-1,C25,https://www.chess.com/openings/Vienna-Game,2025.05.12,2:59:21,1629,1670,1629,1670,600,Aropic won by resignation,2:59:21,2025.05.12,3:06:10,Vienna Game,Vienna Game,Main Line,Loss,20,96.01,83.75,0,1,1,1,0,10,12,14
200,Chess.com,2025.05.12,stedarmail,FreakWhenSee,1-0,E71,https://www.chess.com/openings/Kings-Indian-Defense-Makogonov-Variation-5...O-O-6.Be3-c5-7.Nf3,2025.05.12,3:06:57,1646,1621,1621,1646,600,stedarmail won on time,3:06:57,2025.05.12,3:25:03,King's Indian Defense: Makogonov Variation,King's Indian Defense,Makogonov Variation,Loss,63,92.41,90.54,4,6,0,13,11,10,0,9
201,Chess.com,2025.05.14,FreakWhenSee,sstst,0-1,C27,https://www.chess.com/openings/Vienna-Game-Frankenstein-Dracula-Variation,2025.05.14,3:21:51,1613,1625,1613,1625,600,sstst won by resignation,3:21:51,2025.05.14,3:32:11,Vienna Game: Frankenstein-Dracula Variation,Vienna Game,Frankenstein-Dracula Variation,Loss,31,75.32,93.89,1,5,3,4,17,7,8,4
202,Chess.com,2025.05.14,FreakWhenSee,reyisol,1-0,C01,https://www.chess.com/openings/French-Defense-Exchange-Variation-3...exd5-4.Nc3,2025.05.14,3:33:09,1621,1614,1621,1614,600,FreakWhenSee won by resignation,3:33:09,2025.05.14,3:39:51,French Defense: Exchange Variation,French Defense,Exchange Variation,Win,23,94.62,81.97,2,2,0,2,19,13,0,19
203,Chess.com,2025.05.16,FreakWhenSee,catinthehat007,1-0,C28,https://www.chess.com/openings/Vienna-Game-Falkbeer-Vienna-Gambit-3...d6-4.Nf3,2025.05.16,0:48:35,1629,1607,1629,1607,600,FreakWhenSee won by resignation,0:48:35,2025.05.16,1:04:46,"Vienna Game: Falkbeer, Vienna Gambit",Vienna Game,"Falkbeer, Vienna Gambit",Win,52,81.81,70.4,1,4,1,3,51,5,46,8
204,Chess.com,2025.05.16,FreakWhenSee,andino1965,1-0,B23,https://www.chess.com/openings/Closed-Sicilian-Defense-Grand-Prix-Variation-3...Nf6-4.Nf3,2025.05.16,1:06:07,1637,1624,1637,1624,600,FreakWhenSee won by resignation,1:06:07,2025.05.16,1:20:24,Closed Sicilian Defense: Grand Prix Variation,Closed Sicilian Defense,Grand Prix Variation,Win,43,88.41,94.59,5,4,4,7,15,11,15,13
205,Chess.com,2025.05.19,Rafaelmoura,FreakWhenSee,1/2-1/2,E71,https://www.chess.com/openings/Kings-Indian-Defense-Makogonov-Variation...6.Be3-c5-7.Nf3-cxd4-8.Nxd4,2025.05.19,2:25:16,1643,1637,1637,1643,600,Game drawn by insufficient material,2:25:16,2025.05.19,2:40:12,King's Indian Defense: Makogonov Variation,King's Indian Defense,Makogonov Variation,Draw,53,91.11,74.24,5,4,5,5,15,10,15,10
206,Chess.com,2025.05.19,amin0916,FreakWhenSee,0-1,B07,https://www.chess.com/openings/Pirc-Defense-Harmonist-Variation-2...Nf6,2025.05.19,3:02:58,1639,1645,1645,1639,600,FreakWhenSee won on time,3:02:58,2025.05.19,3:20:19,Pirc Defense: Harmonist Variation,Pirc Defense,Harmonist Variation,Win,44,75.37,72.37,2,8,2,8,15,12,18,3
207,Chess.com,2025.05.20,FreakWhenSee,ffdp007,0-1,B01,https://www.chess.com/openings/Scandinavian-Defense-Mieses-Kotrc-Main-Line,2025.05.20,1:27:38,1637,1641,1637,1641,600,ffdp007 won by resignation,1:27:38,2025.05.20,1:30:56,"Scandinavian Defense: Mieses-Kotr훾, Main Line",Scandinavian Defense,"Mieses-Kotr훾, Main Line",Loss,13,72.78,80.42,1,1,1,1,12,8,13,12
208,Chess.com,2025.05.20,moshebortnik,FreakWhenSee,1-0,B07,https://www.chess.com/openings/Pirc-Defense...3.f4-g6-4.Nf3-Bg7,2025.05.20,1:31:55,1626,1629,1629,1626,600,moshebortnik won by resignation,1:31:55,2025.05.20,1:35:43,Pirc Defense,Pirc Defense,Main Line,Loss,15,69.88,72.54,1,5,0,2,10,5,0,10
209,Chess.com,2025.05.20,FreakWhenSee,Pickle_Rick,0-1,C25,https://www.chess.com/openings/Vienna-Game-Max-Lange-Defense-3.Bc4-Nf6,2025.05.20,1:36:14,1621,1625,1621,1625,600,Pickle_Rick won by resignation,1:36:14,2025.05.20,1:43:01,Vienna Game: Max Lange Defense,Vienna Game,Max Lange Defense,Loss,24,72.7,77.86,0,3,0,6,0,4,0,4
210,Chess.com,2025.05.20,volodumiros,FreakWhenSee,0-1,B07,https://www.chess.com/openings/Pirc-Defense-Main-Line,2025.05.20,1:43:30,1620,1629,1629,1620,600,FreakWhenSee won by resignation,1:43:30,2025.05.20,1:59:10,Pirc Defense: Main Line,Pirc Defense,Main Line,Win,47,70.77,79.09,0,8,3,6,0,13,12,15
211,Chess.com,2025.05.20,ACUARIO1971,FreakWhenSee,0-1,A01,https://www.chess.com/openings/Nimzowitsch-Larsen-Attack-Modern-Variation-2.Bb2-d6,2025.05.20,2:01:40,1608,1637,1637,1608,600,FreakWhenSee won by resignation,2:01:40,2025.05.20,2:20:10,Nimzowitsch-Larsen Attack: Modern Variation,Nimzowitsch-Larsen Attack,Modern Variation,Win,49,84.12,62.83,1,9,3,5,18,10,20,21
212,Chess.com,2025.05.21,FreakWhenSee,rvsam369,0-1,C25,https://www.chess.com/openings/Vienna-Game-Max-Lange-Defense-3.Bc4,2025.05.21,1:40:33,1629,1630,1629,1630,600,rvsam369 won by resignation,1:40:33,2025.05.21,1:53:17,Vienna Game: Max Lange Defense,Vienna Game,Max Lange Defense,Loss,26,66.59,69.06,1,3,1,4,5,3,17,6
213,Chess.com,2025.05.21,aortega_eb,FreakWhenSee,0-1,E70,https://www.chess.com/openings/Kings-Indian-Defense-Normal-Variation-4.e4-O-O-5.Be3-d6,2025.05.21,1:54:17,1578,1636,1636,1578,600,FreakWhenSee won by checkmate,1:54:17,2025.05.21,2:03:45,King's Indian Defense: Normal Variation,King's Indian Defense,Normal Variation,Win,24,70.64,74.69,1,3,2,1,18,12,20,11
214,Chess.com,2025.05.21,FreakWhenSee,M_sina_04,1-0,B23,https://www.chess.com/openings/Closed-Sicilian-Defense-Grand-Prix-Attack-3...d6-4.Nf3-Nf6-5.Bb5,2025.05.21,2:05:11,1644,1619,1644,1619,600,FreakWhenSee won by resignation,2:05:11,2025.05.21,2:08:00,Closed Sicilian Defense: Grand Prix Attack,Closed Sicilian Defense,Grand Prix Attack,Win,13,72.88,72.46,1,0,0,0,13,0,0,0
215,Chess.com,2025.05.21,mattsleafs17,FreakWhenSee,0-1,B07,https://www.chess.com/openings/Pirc-Defense-Modern-Defense-Geller-System-2...Nf6-3.Nc3-g6,2025.05.21,2:09:12,1647,1652,1652,1647,600,FreakWhenSee won by resignation,2:09:12,2025.05.21,2:16:22,"Pirc Defense: Modern Defense, Geller System",Pirc Defense,"Modern Defense, Geller System",Win,28,66.84,64.06,0,0,1,0,0,0,28,0
216,Chess.com,2025.05.22,FreakWhenSee,Gabino8,1-0,B23,https://www.chess.com/openings/Closed-Sicilian-Defense-Grand-Prix-Attack-3...g6-4.Nf3-Bg7-5.Bb5,2025.05.22,1:50:13,1659,1607,1659,1607,600,FreakWhenSee won by resignation,1:50:13,2025.05.22,2:02:03,Closed Sicilian Defense: Grand Prix Attack,Closed Sicilian Defense,Grand Prix Attack,Win,30,89.99,82.88,1,5,1,2,18,6,18,11
217,Chess.com,2025.05.22,FreakWhenSee,DattaguruHegde,1-0,B23,https://www.chess.com/openings/Closed-Sicilian-Defense-Grand-Prix-Attack-3...d6-4.Nf3-Nf6-5.Bb5,2025.05.22,3:06:04,1667,1665,1667,1665,600,FreakWhenSee won by resignation,3:06:04,2025.05.22,3:13:00,Closed Sicilian Defense: Grand Prix Attack,Closed Sicilian Defense,Grand Prix Attack,Win,21,80.5,71.82,1,2,0,1,13,17,0,14
218,Chess.com,2025.05.22,ljhturtle,FreakWhenSee,0-1,B07,https://www.chess.com/openings/Pirc-Defense-Modern-Defense-Geller-System-2...Nf6,2025.05.22,3:18:55,1637,1674,1674,1637,600,FreakWhenSee won by resignation,3:18:55,2025.05.22,3:21:04,"Pirc Defense: Modern Defense, Geller System",Pirc Defense,"Modern Defense, Geller System",Win,14,69.41,73.87,0,0,0,2,0,0,0,3
219,Chess.com,2025.05.23,ChessMeDK,FreakWhenSee,1-0,B07,https://www.chess.com/openings/Pirc-Defense...4.Nf3-Bg7-5.O-O-O-O-6.c3,2025.05.23,0:32:59,1661,1666,1666,1661,600,ChessMeDK won by resignation,0:32:59,2025.05.23,0:34:13,Pirc Defense,Pirc Defense,Main Line,Loss,10,73.53,73.82,0,0,0,0,0,0,0,0
220,Chess.com,2025.05.23,FreakWhenSee,9elmd3,1-0,C28,https://www.chess.com/openings/Bishops-Opening-Berlin-Vienna-Hybrid-Variation-4...Bc5-5.f4-d6-6.Nf3,2025.05.23,0:35:07,1674,1679,1674,1679,600,FreakWhenSee won by resignation,0:35:07,2025.05.23,0:39:46,"Bishop's Opening: Berlin, Vienna Hybrid Variation",Bishop's Opening,"Berlin, Vienna Hybrid Variation",Win,22,72.86,81.81,0,2,0,0,0,15,0,0
221,Chess.com,2025.05.23,kmj856,FreakWhenSee,1-0,A41,https://www.chess.com/openings/Queens-Pawn-Opening-1...d6,2025.05.23,0:41:27,1689,1666,1666,1689,600,kmj856 won by resignation,0:41:27,2025.05.23,0:51:58,Queen's Pawn Opening,Queen's Pawn Opening,Main Line,Loss,33,83.62,80.16,2,2,3,2,16,12,16,20
222,Chess.com,2025.05.23,FreakWhenSee,ED-777,0-1,C25,https://www.chess.com/openings/Vienna-Game-2...d6-3.Bc4-Nf6-4.d3,2025.05.23,0:53:01,1658,1690,1658,1690,600,ED-777 won by resignation,0:53:01,2025.05.23,1:06:27,Vienna Game,Vienna Game,Main Line,Loss,44,68.13,70.14,4,1,4,4,9,22,8,9
223,Chess.com,2025.05.23,FreakWhenSee,CourtCourt17,1-0,C20,https://www.chess.com/openings/Bishops-Opening-Boi-Variation-3.Nc3,2025.05.23,1:07:40,1665,1589,1665,1589,600,FreakWhenSee won by resignation,1:07:40,2025.05.23,1:16:13,Bishop's Opening: Boi Variation,Bishop's Opening,Boi Variation,Win,23,89.03,76.98,0,3,0,1,0,5,0,22
224,Chess.com,2025.05.24,zcee,FreakWhenSee,0-1,B06,https://www.chess.com/openings/Modern-Defense-Standard-Two-Knights-Suttles-Variation-5.h3-Nf6,2025.05.24,0:40:50,1667,1673,1673,1667,600,FreakWhenSee won by resignation,0:40:50,2025.05.24,0:46:57,"Modern Defense: Standard, Two Knights, Suttles Variation",Modern Defense,"Standard, Two Knights, Suttles Variation",Win,32,88.44,75.96,0,4,0,8,0,8,0,8
225,Chess.com,2025.05.24,kurosio1,FreakWhenSee,1-0,B07,https://www.chess.com/openings/Pirc-Defense-2.d4-Nf6-3.Bd3-g6,2025.05.24,0:48:37,1698,1665,1665,1698,600,kurosio1 won by resignation,0:48:37,2025.05.24,0:52:36,Pirc Defense,Pirc Defense,Main Line,Loss,18,72.37,99.36,1,3,0,0,17,9,0,0
226,Chess.com,2025.05.24,FreakWhenSee,otss786,1-0,B01,https://www.chess.com/openings/Scandinavian-Defense-Mieses-Kotrc-Variation-3.Nc3-Qd8-4.Bc4,2025.05.24,0:53:01,1674,1680,1674,1680,600,FreakWhenSee won by resignation,0:53:01,2025.05.24,1:07:24,Scandinavian Defense: Mieses-Kotr훾 Variation,Scandinavian Defense,Mieses-Kotr훾 Variation,Win,32,90.67,71.81,2,1,0,3,20,30,0,15
227,Chess.com,2025.05.24,FreakWhenSee,esconala,0-1,B23,https://www.chess.com/openings/Closed-Sicilian-Defense-Grand-Prix-Attack-3...g6-4.Nf3-Bg7-5.Bb5,2025.05.24,1:22:03,1665,1641,1665,1641,600,esconala won by resignation,1:22:03,2025.05.24,1:23:44,Closed Sicilian Defense: Grand Prix Attack,Closed Sicilian Defense,Grand Prix Attack,Loss,9,66.24,89.23,0,0,0,2,0,0,0,8
228,Chess.com,2025.05.24,Budiiing,FreakWhenSee,1/2-1/2,B08,https://www.chess.com/openings/Pirc-Defense-Classical-Variation...5.Bc4-O-O-6.O-O-Nxe4,2025.05.24,1:24:19,1597,1663,1663,1597,600,Game drawn by repetition,1:24:19,2025.05.24,1:33:28,Pirc Defense: Classical Variation,Pirc Defense,Classical Variation,Draw,33,69.06,64.57,2,1,3,0,15,16,16,0
229,Chess.com,2025.05.24,FreakWhenSee,kadmiriwydad,1-0,B23,https://www.chess.com/openings/Closed-Sicilian-Defense-Grand-Prix-Attack,2025.05.24,1:36:36,1671,1648,1671,1648,600,FreakWhenSee won by resignation,1:36:36,2025.05.24,1:45:11,Closed Sicilian Defense: Grand Prix Attack,Closed Sicilian Defense,Grand Prix Attack,Win,25,81.91,67.65,1,5,1,4,22,3,12,6
230,Chess.com,2025.05.24,edwinboomer,FreakWhenSee,1-0,E73,https://www.chess.com/openings/Kings-Indian-Defense-Standard-Development-5...O-O-6.h4-c5-7.d5,2025.05.24,15:26:24,1677,1663,1663,1677,600,edwinboomer won by resignation,15:26:24,2025.05.24,15:33:46,King's Indian Defense: Standard Development,King's Indian Defense,Standard Development,Loss,35,80.79,77.11,3,6,1,4,25,17,25,14
231,Chess.com,2025.05.24,bonehead99,FreakWhenSee,1-0,A00,https://www.chess.com/openings/Polish-Opening-Czech-Defense-3.e3,2025.05.24,15:34:27,1689,1655,1655,1689,600,bonehead99 won by resignation,15:34:27,2025.05.24,15:41:49,Polish Opening: Czech Defense,Polish Opening,Czech Defense,Loss,24,84.09,75.03,1,2,0,2,20,16,0,9
232,Chess.com,2025.05.24,FreakWhenSee,BeliVisko,0-1,B23,https://www.chess.com/openings/Closed-Sicilian-Defense-Grand-Prix-Attack,2025.05.24,15:43:15,1648,1695,1648,1695,600,BeliVisko won by resignation,15:43:15,2025.05.24,15:47:11,Closed Sicilian Defense: Grand Prix Attack,Closed Sicilian Defense,Grand Prix Attack,Loss,16,81.14,75.56,0,2,1,3,0,7,16,8
233,Chess.com,2025.05.24,FreakWhenSee,BAADSHAHHH2007,1-0,B01,https://www.chess.com/openings/Scandinavian-Defense-Mieses-Kotrc-Variation-3.Nc3-Qd8-4.Nf3,2025.05.24,15:47:49,1656,1641,1656,1641,600,FreakWhenSee won by checkmate,15:47:49,2025.05.24,15:50:35,Scandinavian Defense: Mieses-Kotr훾 Variation,Scandinavian Defense,Mieses-Kotr훾 Variation,Win,18,74.45,66.48,1,3,0,1,17,6,0,11
234,Chess.com,2025.05.24,aleksandarilisic,FreakWhenSee,0-1,B07,https://www.chess.com/openings/Pirc-Defense-Main-Line-Byrne-Variation-4...Bg7-5.Qd2-c6,2025.05.24,18:33:17,1654,1664,1664,1654,600,FreakWhenSee won by resignation,18:33:17,2025.05.24,18:47:14,"Pirc Defense: Main Line, Byrne Variation",Pirc Defense,"Main Line, Byrne Variation",Win,38,69.31,71.22,0,3,2,3,0,11,12,15
235,Chess.com,2025.05.24,FreakWhenSee,Anubhav_Rajan,1-0,B10,https://www.chess.com/openings/Caro-Kann-Defense-Two-Knights-Attack...5.Ng3-Bg6-6.h4-h6-7.Ne5,2025.05.24,18:48:12,1672,1644,1672,1644,600,FreakWhenSee won by checkmate,18:48:12,2025.05.24,18:49:07,Caro-Kann Defense: Two Knights Attack,Caro-Kann Defense,Two Knights Attack,Win,10,84.2,68.63,1,0,0,0,9,0,0,0
236,Chess.com,2025.05.24,Rimas73,FreakWhenSee,1-0,B07,https://www.chess.com/openings/Pirc-Defense...3.Bd3-g6-4.c3-Bg7,2025.05.24,20:19:42,1696,1664,1664,1696,600,Rimas73 won by resignation,20:19:42,2025.05.24,20:33:50,Pirc Defense,Pirc Defense,Main Line,Loss,69,76.67,96.05,5,8,6,5,31,11,23,12
237,Chess.com,2025.05.24,Ra1z3l,FreakWhenSee,0-1,A40,https://www.chess.com/openings/Modern-Defense-with-1-d4...3.Bf4-d6-4.e3-Nf6,2025.05.24,20:34:24,1623,1672,1672,1623,600,FreakWhenSee won by checkmate,20:34:24,2025.05.24,20:40:37,Modern Defense with 1.d4,Modern Defense with 1.d4,Main Line,Win,29,67.55,58.43,2,5,3,7,15,10,16,11
238,Chess.com,2025.05.24,FreakWhenSee,NikaruHakamura73,0-1,B10,https://www.chess.com/openings/Caro-Kann-Defense-Two-Knights-Attack,2025.05.24,20:41:59,1665,1702,1665,1702,600,NikaruHakamura73 won by resignation,20:41:59,2025.05.24,20:53:58,Caro-Kann Defense: Two Knights Attack,Caro-Kann Defense,Two Knights Attack,Loss,31,78.22,85.7,0,6,1,4,0,10,31,6
239,Chess.com,2025.05.25,FreakWhenSee,akumave,0-1,A45,https://www.chess.com/openings/Indian-Game-2.Nc3-e6-3.e4,2025.05.25,1:56:11,1657,1668,1657,1668,600,akumave won by resignation,1:56:11,2025.05.25,2:03:40,Indian Game,Indian Game,Main Line,Loss,28,80.83,96.81,1,1,2,2,17,12,20,25
240,Chess.com,2025.05.25,Imtiaz-007,FreakWhenSee,0-1,A42,https://www.chess.com/openings/Modern-Defense-Averbakh-Variation-4...c6-5.Be3-Nf6-6.f3,2025.05.25,2:05:54,1667,1665,1665,1667,600,FreakWhenSee won - game abandoned,2:05:54,2025.05.25,2:16:36,Modern Defense: Averbakh Variation,Modern Defense,Averbakh Variation,Win,27,67.79,64.67,0,5,0,6,0,15,0,14
241,Chess.com,2025.05.25,FreakWhenSee,wahyuhdytt,1-0,C25,https://www.chess.com/openings/Vienna-Game-2...d6-3.Bc4,2025.05.25,2:17:05,1673,1660,1673,1660,600,FreakWhenSee won on time,2:17:05,2025.05.25,2:37:21,Vienna Game,Vienna Game,Main Line,Win,42,83.15,75.08,2,3,2,8,28,22,27,11
